sale_line_id,sale_id,date_id,product_id,hospital_id,sales_rep_id,quantity,unit_price,unit_cost,discount
1,1,1,13,44,2,3,207.14,113.06,0.1
2,1,1,21,44,2,16,37.88,23.36,0.15
3,1,1,11,44,2,1,583.49,372.45,0
4,1,1,14,44,2,4,1191.81,616.93,0
5,2,1,7,21,9,3,120.11,77.26,0
6,2,1,13,21,9,11,232.76,113.06,0.15
7,2,1,15,21,9,6,1365.66,795.97,0
8,3,1,2,88,11,20,1859.48,869.25,0.15
9,3,1,6,88,11,13,441.8,202.95,0
10,3,1,12,88,11,14,650.29,395.69,0.15
11,4,3,16,27,3,24,532.11,350.66,0.05
12,4,3,3,27,3,17,827.18,428.42,0.1
13,5,3,17,65,2,1,674.73,373.03,0.05
14,6,3,9,86,11,19,603.18,339.37,0.1
15,6,3,17,86,11,4,655.9,373.03,0
16,7,3,2,26,12,24,1859.48,869.25,0.15
17,7,3,17,26,12,1,721.87,373.03,0
18,8,4,4,31,8,2,323.12,204.85,0.15
19,9,4,16,97,11,15,609.58,350.66,0
20,9,4,18,97,11,23,36.79,20.77,0
21,10,5,2,41,5,15,1859.48,869.25,0
22,10,5,20,41,5,20,67.45,34.35,0
23,11,10,10,81,12,21,525.69,303.54,0.1
24,11,10,2,81,12,9,1859.48,869.25,0
25,11,10,20,81,12,11,67.45,34.35,0
26,11,10,5,81,12,15,528.23,270.34,0.1
27,12,11,6,42,10,14,441.8,202.95,0.15
28,12,11,15,42,10,2,1365.66,795.97,0.1
29,13,12,15,26,1,11,1365.66,795.97,0.1
30,13,12,16,26,1,10,609.58,350.66,0
31,14,13,14,46,5,11,1191.81,616.93,0
32,14,13,8,46,5,11,188.77,93.64,0
33,14,13,21,46,5,6,43.25,23.36,0
34,15,13,6,53,10,25,429.97,202.95,0.1
35,15,13,11,53,10,23,583.49,372.45,0
36,15,13,9,53,10,14,603.18,339.37,0.1
37,15,13,8,53,10,9,188.77,93.64,0
38,16,14,19,18,11,18,819.01,488.55,0
39,16,14,10,18,11,23,579.74,303.54,0
40,16,14,18,18,11,24,33.65,20.77,0
41,16,14,3,18,11,8,827.18,428.42,0
42,17,14,3,99,5,21,805.94,428.42,0.05
43,17,14,8,99,5,9,188.77,93.64,0.1
44,17,14,16,99,5,14,609.58,350.66,0.15
45,17,14,15,99,5,23,1365.66,795.97,0.1
46,18,15,8,53,8,12,188.77,93.64,0.05
47,19,18,12,56,8,16,579.85,395.69,0.15
48,19,18,20,56,8,23,67.45,34.35,0.15
49,19,18,19,56,8,4,781.24,488.55,0
50,20,18,16,72,9,4,522.99,350.66,0.1
51,20,18,9,72,9,12,603.18,339.37,0
52,20,18,10,72,9,8,579.74,303.54,0.05
53,20,18,17,72,9,9,721.87,373.03,0
54,21,19,17,107,8,12,721.87,373.03,0.1
55,22,19,10,88,3,21,579.74,303.54,0.05
56,22,19,12,88,3,16,650.29,395.69,0.1
57,22,19,6,88,3,25,441.8,202.95,0.1
58,22,19,17,88,3,17,679.57,373.03,0.05
59,23,19,8,1,2,16,188.77,93.64,0
60,24,19,8,26,1,2,188.77,93.64,0
61,25,20,15,33,10,2,1365.66,795.97,0
62,25,20,3,33,10,25,827.18,428.42,0
63,25,20,12,33,10,21,650.29,395.69,0
64,26,20,20,62,7,2,67.45,34.35,0.15
65,26,20,17,62,7,20,628.51,373.03,0
66,27,20,10,40,9,21,523.72,303.54,0
67,27,20,14,40,9,20,1191.81,616.93,0.05
68,28,21,11,62,8,6,583.49,372.45,0.15
69,28,21,10,62,8,9,579.74,303.54,0
70,28,21,18,62,8,16,36.79,20.77,0.1
71,29,22,7,26,9,21,120.11,77.26,0
72,29,22,14,26,9,1,1191.81,616.93,0
73,29,22,2,26,9,25,1859.48,869.25,0.15
74,29,22,20,26,9,13,67.45,34.35,0
75,30,22,1,4,5,11,823.52,529.32,0
76,30,22,20,4,5,16,67.45,34.35,0.1
77,31,22,17,74,11,3,721.87,373.03,0
78,31,22,19,74,11,16,819.01,488.55,0.15
79,32,22,6,108,4,2,441.8,202.95,0
80,32,22,5,108,4,17,528.23,270.34,0
81,33,25,8,47,11,24,188.77,93.64,0
82,33,25,17,47,11,1,721.87,373.03,0.15
83,34,27,13,3,5,19,232.76,113.06,0.1
84,34,27,17,3,5,7,721.87,373.03,0.05
85,34,27,20,3,5,15,67.45,34.35,0.15
86,35,27,15,13,10,2,1365.66,795.97,0
87,35,27,12,13,10,4,650.29,395.69,0.05
88,36,27,2,104,10,1,1859.48,869.25,0.15
89,37,28,3,110,7,12,827.18,428.42,0
90,37,28,8,110,7,25,173.96,93.64,0
91,37,28,21,110,7,23,43.25,23.36,0
92,37,28,4,110,7,6,323.12,204.85,0
93,38,30,14,91,1,18,1191.81,616.93,0.15
94,38,30,1,91,1,23,823.52,529.32,0
95,39,30,20,46,12,8,60.88,34.35,0.15
96,40,30,8,2,6,3,188.77,93.64,0.1
97,40,30,5,2,6,1,528.23,270.34,0.1
98,40,30,7,2,6,18,120.11,77.26,0
99,41,30,3,33,4,15,827.18,428.42,0
100,41,30,16,33,4,13,609.58,350.66,0.15
101,41,30,11,33,4,10,583.49,372.45,0
102,41,30,12,33,4,25,618.2,395.69,0.05
103,42,32,1,102,3,10,823.52,529.32,0
104,42,32,11,102,3,8,583.49,372.45,0
105,43,32,11,25,7,11,583.49,372.45,0.1
106,44,32,8,1,6,10,188.77,93.64,0.15
107,44,32,11,1,6,22,583.49,372.45,0.15
108,44,32,20,1,6,23,60.76,34.35,0
109,44,32,1,1,6,13,823.52,529.32,0
110,45,33,16,20,8,4,609.58,350.66,0
111,46,33,12,10,1,12,650.29,395.69,0
112,47,35,13,20,9,19,232.76,113.06,0
113,48,36,9,99,2,11,531.41,339.37,0
114,49,37,20,107,9,23,67.45,34.35,0.15
115,49,37,9,107,9,2,603.18,339.37,0
116,49,37,14,107,9,18,1191.81,616.93,0
117,50,38,11,108,3,17,583.49,372.45,0.1
118,50,38,17,108,3,15,721.87,373.03,0.1
119,50,38,18,108,3,23,31.32,20.77,0
120,50,38,9,108,3,4,603.18,339.37,0
121,51,38,17,110,5,24,721.87,373.03,0
122,51,38,14,110,5,16,1191.81,616.93,0.15
123,51,38,21,110,5,8,43.25,23.36,0.1
124,51,38,12,110,5,8,650.29,395.69,0.15
125,52,38,8,62,1,14,188.77,93.64,0
126,52,38,6,62,1,3,441.8,202.95,0
127,52,38,11,62,1,6,583.49,372.45,0
128,52,38,17,62,1,9,721.87,373.03,0.15
129,53,39,3,52,11,24,723.57,428.42,0
130,54,39,21,31,2,16,43.25,23.36,0.15
131,54,39,20,31,2,18,67.45,34.35,0
132,55,39,11,47,8,3,583.49,372.45,0.05
133,55,39,3,47,8,12,807.97,428.42,0.15
134,55,39,14,47,8,24,1191.81,616.93,0
135,55,39,18,47,8,2,36.79,20.77,0.1
136,56,39,7,24,4,15,120.11,77.26,0.1
137,57,40,18,85,1,11,36.79,20.77,0
138,57,40,14,85,1,17,1191.81,616.93,0
139,58,40,18,53,6,17,36.79,20.77,0.1
140,58,40,5,53,6,13,528.23,270.34,0.1
141,58,40,6,53,6,10,441.8,202.95,0
142,59,41,12,70,1,2,650.29,395.69,0.05
143,60,41,8,99,5,16,188.77,93.64,0.15
144,60,41,9,99,5,20,603.18,339.37,0
145,61,42,6,49,11,13,441.8,202.95,0
146,61,42,10,49,11,25,579.74,303.54,0
147,61,42,4,49,11,21,323.12,204.85,0.1
148,61,42,3,49,11,4,773.62,428.42,0.05
149,62,42,9,61,3,8,603.18,339.37,0.05
150,62,42,16,61,3,2,609.58,350.66,0.1
151,63,42,3,25,4,17,827.18,428.42,0
152,63,42,18,25,4,4,36.79,20.77,0.1
153,63,42,20,25,4,12,67.45,34.35,0
154,63,42,2,25,4,2,1859.48,869.25,0
155,64,43,9,80,8,8,603.18,339.37,0
156,64,43,1,80,8,10,823.52,529.32,0.05
157,64,43,13,80,8,10,232.76,113.06,0
158,64,43,7,80,8,15,120.11,77.26,0.05
159,65,43,2,51,12,6,1859.48,869.25,0.15
160,65,43,16,51,12,4,609.58,350.66,0.05
161,65,43,18,51,12,4,36.79,20.77,0.05
162,66,43,9,30,5,1,603.18,339.37,0.05
163,66,43,7,30,5,4,120.11,77.26,0.05
164,66,43,6,30,5,14,441.8,202.95,0
165,66,43,3,30,5,8,827.18,428.42,0
166,67,44,9,12,12,17,603.18,339.37,0
167,67,44,11,12,12,10,583.49,372.45,0
168,67,44,6,12,12,17,404.77,202.95,0
169,67,44,14,12,12,23,1191.81,616.93,0
170,68,44,21,34,10,25,43.25,23.36,0
171,68,44,1,34,10,21,823.52,529.32,0
172,68,44,13,34,10,6,232.76,113.06,0.1
173,69,44,8,5,8,14,188.77,93.64,0
174,69,44,4,5,8,4,323.12,204.85,0
175,69,44,3,5,8,7,827.18,428.42,0
176,70,44,17,107,6,22,721.87,373.03,0.15
177,71,45,2,7,6,16,1859.48,869.25,0
178,71,45,14,7,6,23,1191.81,616.93,0
179,71,45,7,7,6,22,120.11,77.26,0
180,71,45,15,7,6,13,1247.4,795.97,0
181,72,45,15,19,10,7,1365.66,795.97,0
182,73,45,13,12,6,19,232.76,113.06,0.15
183,74,47,10,89,10,21,508.42,303.54,0
184,74,47,13,89,10,16,232.76,113.06,0
185,75,48,9,114,8,19,603.18,339.37,0.1
186,75,48,4,114,8,15,323.12,204.85,0
187,75,48,13,114,8,9,232.76,113.06,0.15
188,75,48,14,114,8,17,1160.51,616.93,0
189,76,48,3,23,12,20,783.17,428.42,0.15
190,77,49,5,55,12,9,528.23,270.34,0
191,77,49,17,55,12,24,721.87,373.03,0.1
192,77,49,20,55,12,1,67.45,34.35,0.05
193,77,49,1,55,12,11,823.52,529.32,0
194,78,49,14,23,8,10,1135.85,616.93,0
195,78,49,13,23,8,16,232.76,113.06,0.15
196,79,50,19,94,6,12,819.01,488.55,0.15
197,80,51,3,94,6,12,827.18,428.42,0
198,80,51,8,94,6,8,183.01,93.64,0.15
199,80,51,17,94,6,12,654.14,373.03,0.05
200,81,52,15,84,4,15,1365.66,795.97,0
201,81,52,7,84,4,21,116.97,77.26,0
202,82,52,6,19,7,13,441.8,202.95,0
203,82,52,5,19,7,9,454.42,270.34,0
204,82,52,13,19,7,5,232.76,113.06,0
205,82,52,3,19,7,15,711.66,428.42,0
206,83,53,16,3,9,14,609.58,350.66,0.15
207,83,53,10,3,9,5,579.74,303.54,0
208,83,53,13,3,9,1,232.76,113.06,0
209,83,53,6,3,9,25,441.8,202.95,0.15
210,84,53,10,57,2,8,548.35,303.54,0
211,84,53,15,57,2,8,1365.66,795.97,0.05
212,85,54,11,45,3,18,583.49,372.45,0.05
213,85,54,18,45,3,12,36.79,20.77,0.15
214,85,54,7,45,3,3,120.11,77.26,0
215,85,54,14,45,3,6,1191.81,616.93,0.15
216,86,54,12,63,3,2,650.29,395.69,0.05
217,86,54,3,63,3,12,827.18,428.42,0.1
218,86,54,4,63,3,4,323.12,204.85,0
219,86,54,1,63,3,25,823.52,529.32,0.05
220,87,54,21,117,9,15,41.3,23.36,0
221,87,54,13,117,9,5,232.76,113.06,0.05
222,87,54,1,117,9,14,823.52,529.32,0.15
223,87,54,18,117,9,21,36.79,20.77,0
224,88,56,12,57,7,22,650.29,395.69,0.05
225,88,56,20,57,7,12,57.6,34.35,0.1
226,88,56,16,57,7,20,609.58,350.66,0
227,88,56,14,57,7,19,1066.71,616.93,0
228,89,57,1,71,4,25,823.52,529.32,0
229,89,57,4,71,4,13,323.12,204.85,0
230,89,57,11,71,4,25,583.49,372.45,0
231,90,57,10,92,11,5,537.07,303.54,0.1
232,91,58,1,30,5,22,823.52,529.32,0
233,92,59,4,86,2,14,283.45,204.85,0.1
234,92,59,5,86,2,1,528.23,270.34,0.05
235,92,59,7,86,2,3,120.11,77.26,0.15
236,92,59,13,86,2,15,232.76,113.06,0
237,93,60,3,90,3,14,738.54,428.42,0
238,94,60,1,32,5,18,823.52,529.32,0
239,94,60,8,32,5,3,188.77,93.64,0.1
240,94,60,7,32,5,22,120.11,77.26,0
241,95,60,13,64,1,25,200.02,113.06,0
242,95,60,19,64,1,21,819.01,488.55,0
243,95,60,8,64,1,11,188.77,93.64,0.15
244,95,60,5,64,1,25,528.23,270.34,0.1
245,96,60,1,97,1,14,823.52,529.32,0
246,96,60,13,97,1,2,232.76,113.06,0.1
247,96,60,20,97,1,3,67.45,34.35,0.05
248,97,61,2,37,7,11,1649.5,869.25,0
249,97,61,1,37,7,7,823.52,529.32,0
250,97,61,14,37,7,5,1159.05,616.93,0.05
251,98,61,16,7,11,9,609.58,350.66,0.05
252,98,61,5,7,11,10,528.23,270.34,0.05
253,98,61,8,7,11,5,188.77,93.64,0.1
254,99,62,11,93,8,2,583.49,372.45,0
255,99,62,9,93,8,15,603.18,339.37,0.05
256,99,62,19,93,8,17,819.01,488.55,0
257,99,62,18,93,8,24,36.79,20.77,0.1
258,100,63,11,102,6,20,583.49,372.45,0
259,101,63,5,107,3,24,528.23,270.34,0
260,101,63,9,107,3,11,603.18,339.37,0
261,101,63,20,107,3,9,67.45,34.35,0.15
262,101,63,16,107,3,16,609.58,350.66,0.05
263,102,63,8,117,1,11,188.77,93.64,0
264,102,63,12,117,1,2,650.29,395.69,0
265,103,63,6,91,1,13,441.8,202.95,0
266,103,63,13,91,1,18,232.76,113.06,0.05
267,104,64,3,114,7,23,781.79,428.42,0.05
268,104,64,13,114,7,9,232.76,113.06,0
269,104,64,1,114,7,7,823.52,529.32,0
270,104,64,8,114,7,8,188.77,93.64,0.05
271,105,64,15,82,11,22,1365.66,795.97,0
272,105,64,17,82,11,11,721.87,373.03,0
273,105,64,9,82,11,12,603.18,339.37,0
274,105,64,6,82,11,12,406.7,202.95,0.1
275,106,65,19,29,8,11,704.31,488.55,0.15
276,106,65,10,29,8,4,524.1,303.54,0.05
277,106,65,14,29,8,19,1191.81,616.93,0.15
278,106,65,18,29,8,15,36.79,20.77,0.15
279,107,65,6,96,7,8,441.8,202.95,0
280,107,65,8,96,7,24,188.77,93.64,0.05
281,107,65,12,96,7,18,575.65,395.69,0.05
282,107,65,2,96,7,17,1859.48,869.25,0
283,108,66,16,91,7,14,609.58,350.66,0
284,109,66,21,82,9,4,43.25,23.36,0.05
285,109,66,14,82,9,20,1191.81,616.93,0.05
286,109,66,5,82,9,16,528.23,270.34,0.15
287,109,66,13,82,9,10,232.76,113.06,0
288,110,66,7,37,9,2,120.11,77.26,0.15
289,110,66,5,37,9,23,528.23,270.34,0
290,111,66,2,31,12,14,1859.48,869.25,0
291,111,66,5,31,12,8,528.23,270.34,0
292,111,66,11,31,12,7,507.95,372.45,0.15
293,112,68,12,82,1,13,650.29,395.69,0
294,113,68,9,114,9,11,603.18,339.37,0.1
295,113,68,10,114,9,15,579.74,303.54,0.1
296,113,68,21,114,9,7,43.25,23.36,0.1
297,114,68,7,23,10,20,120.11,77.26,0.05
298,115,69,19,110,5,18,819.01,488.55,0
299,115,69,21,110,5,24,37.27,23.36,0
300,115,69,6,110,5,21,441.8,202.95,0
301,115,69,8,110,5,3,188.77,93.64,0
302,116,69,18,78,7,11,36.79,20.77,0.1
303,116,69,4,78,7,13,323.12,204.85,0.15
304,117,70,21,6,5,19,43.25,23.36,0.15
305,117,70,1,6,5,14,751.78,529.32,0.05
306,117,70,17,6,5,8,647.79,373.03,0
307,118,70,10,56,9,13,579.74,303.54,0
308,119,70,7,115,9,8,117.4,77.26,0.05
309,120,71,12,108,2,25,624.69,395.69,0.05
310,121,74,3,93,12,13,827.18,428.42,0.15
311,121,74,8,93,12,1,181.68,93.64,0
312,121,74,17,93,12,2,721.87,373.03,0.15
313,122,76,19,71,1,20,819.01,488.55,0
314,122,76,21,71,1,10,42.2,23.36,0
315,123,77,11,43,4,2,571.63,372.45,0
316,123,77,9,43,4,8,603.18,339.37,0.15
317,123,77,20,43,4,12,67.45,34.35,0.1
318,123,77,16,43,4,11,609.58,350.66,0
319,124,77,1,26,4,6,823.52,529.32,0
320,124,77,2,26,4,6,1859.48,869.25,0
321,124,77,5,26,4,22,528.23,270.34,0.1
322,124,77,17,26,4,1,721.87,373.03,0.05
323,125,77,4,39,1,18,323.12,204.85,0
324,126,77,1,98,2,21,823.52,529.32,0.1
325,126,77,18,98,2,11,34.71,20.77,0.1
326,126,77,2,98,2,9,1859.48,869.25,0
327,127,78,5,96,2,13,528.23,270.34,0
328,127,78,13,96,2,15,208.52,113.06,0
329,127,78,17,96,2,6,721.87,373.03,0.15
330,128,78,7,111,8,15,120.11,77.26,0.15
331,129,78,1,33,4,9,730.0,529.32,0.05
332,130,79,4,27,7,21,323.12,204.85,0.15
333,130,79,20,27,7,11,67.45,34.35,0.1
334,130,79,2,27,7,25,1859.48,869.25,0
335,130,79,8,27,7,10,188.77,93.64,0
336,131,79,8,7,5,12,188.77,93.64,0.1
337,131,79,14,7,5,21,1191.81,616.93,0
338,131,79,21,7,5,12,41.36,23.36,0.15
339,131,79,9,7,5,8,603.18,339.37,0
340,132,79,6,92,7,16,392.19,202.95,0
341,132,79,2,92,7,19,1859.48,869.25,0
342,132,79,4,92,7,17,323.12,204.85,0.05
343,132,79,12,92,7,3,581.95,395.69,0
344,133,79,1,111,1,19,823.52,529.32,0
345,133,79,19,111,1,12,751.71,488.55,0
346,134,80,12,42,3,15,624.41,395.69,0.15
347,134,80,16,42,3,11,609.58,350.66,0
348,134,80,15,42,3,17,1365.66,795.97,0.1
349,135,80,15,49,11,17,1365.66,795.97,0
350,135,80,17,49,11,17,721.87,373.03,0
351,135,80,13,49,11,9,232.76,113.06,0
352,136,80,15,12,8,10,1365.66,795.97,0
353,136,80,2,12,8,20,1859.48,869.25,0
354,136,80,18,12,8,18,34.85,20.77,0.05
355,136,80,1,12,8,5,823.52,529.32,0.05
356,137,83,19,33,10,20,819.01,488.55,0.15
357,137,83,5,33,10,8,528.23,270.34,0.1
358,138,83,12,44,11,7,650.29,395.69,0
359,138,83,3,44,11,8,827.18,428.42,0
360,138,83,9,44,11,16,603.18,339.37,0
361,138,83,2,44,11,19,1859.48,869.25,0.15
362,139,84,11,47,4,25,583.49,372.45,0.15
363,139,84,9,47,4,6,603.18,339.37,0
364,140,84,11,79,8,10,583.49,372.45,0
365,140,84,9,79,8,22,603.18,339.37,0.05
366,141,84,20,98,5,10,67.45,34.35,0.15
367,141,84,2,98,5,14,1697.26,869.25,0
368,142,84,13,27,5,20,232.76,113.06,0.15
369,142,84,15,27,5,21,1291.24,795.97,0
370,142,84,6,27,5,8,441.8,202.95,0
371,142,84,5,27,5,4,528.23,270.34,0.05
372,143,86,11,118,12,3,583.49,372.45,0.15
373,143,86,9,118,12,25,603.18,339.37,0.1
374,143,86,14,118,12,6,1191.81,616.93,0.15
375,144,86,6,43,7,23,441.8,202.95,0
376,144,86,3,43,7,19,827.18,428.42,0.1
377,144,86,19,43,7,22,819.01,488.55,0.05
378,144,86,1,43,7,21,705.72,529.32,0.15
379,145,87,11,109,12,16,583.49,372.45,0.05
380,145,87,13,109,12,7,232.76,113.06,0
381,145,87,12,109,12,6,650.29,395.69,0.15
382,145,87,6,109,12,18,422.93,202.95,0.05
383,146,87,5,31,2,2,528.23,270.34,0.1
384,146,87,9,31,2,1,568.08,339.37,0
385,146,87,11,31,2,24,583.49,372.45,0
386,147,88,17,93,2,15,639.09,373.03,0
387,147,88,3,93,2,24,827.18,428.42,0.05
388,148,88,21,65,8,6,43.25,23.36,0.15
389,148,88,11,65,8,19,583.49,372.45,0
390,149,89,16,50,1,14,609.58,350.66,0
391,149,89,10,50,1,11,579.74,303.54,0
392,150,89,5,106,7,13,528.23,270.34,0.1
393,151,90,6,67,5,21,388.18,202.95,0
394,151,90,12,67,5,15,650.29,395.69,0
395,152,90,8,82,12,23,175.34,93.64,0.05
396,152,90,20,82,12,13,67.45,34.35,0.1
397,153,90,16,34,5,17,609.58,350.66,0
398,154,91,18,64,5,10,36.79,20.77,0.1
399,154,91,8,64,5,18,188.77,93.64,0
400,154,91,21,64,5,12,43.25,23.36,0.15
401,155,92,1,18,4,20,823.52,529.32,0
402,155,92,17,18,4,14,721.87,373.03,0.05
403,156,92,6,14,8,14,401.51,202.95,0.05
404,156,92,14,14,8,13,1191.81,616.93,0.05
405,156,92,11,14,8,7,583.49,372.45,0.15
406,157,93,2,48,7,4,1859.48,869.25,0
407,157,93,15,48,7,10,1365.66,795.97,0.15
408,157,93,18,48,7,12,36.79,20.77,0
409,158,93,3,24,3,16,827.18,428.42,0
410,158,93,11,24,3,22,583.49,372.45,0
411,158,93,18,24,3,6,36.79,20.77,0.1
412,159,93,18,70,3,19,32.48,20.77,0.1
413,160,93,13,74,4,7,205.26,113.06,0.05
414,161,94,7,26,11,11,120.11,77.26,0
415,161,94,16,26,11,17,609.58,350.66,0.05
416,162,94,20,40,3,7,67.45,34.35,0
417,162,94,21,40,3,17,43.25,23.36,0
418,162,94,5,40,3,1,528.23,270.34,0
419,162,94,16,40,3,5,609.58,350.66,0.1
420,163,94,14,48,8,9,1191.81,616.93,0.05
421,163,94,13,48,8,3,210.84,113.06,0
422,163,94,2,48,8,7,1859.48,869.25,0
423,163,94,8,48,8,5,188.77,93.64,0
424,164,95,15,59,7,8,1365.66,795.97,0
425,164,95,3,59,7,24,827.18,428.42,0
426,165,95,14,25,9,21,1191.81,616.93,0.1
427,165,95,2,25,9,11,1859.48,869.25,0.15
428,165,95,8,25,9,22,188.77,93.64,0.15
429,166,97,12,107,1,3,650.29,395.69,0.1
430,166,97,20,107,1,12,60.04,34.35,0.1
431,166,97,6,107,1,24,412.59,202.95,0
432,167,97,9,24,4,4,603.18,339.37,0.1
433,167,97,17,24,4,18,721.87,373.03,0.15
434,168,97,14,52,3,12,1191.81,616.93,0
435,168,97,9,52,3,14,603.18,339.37,0.1
436,169,97,11,18,2,1,583.49,372.45,0
437,169,97,10,18,2,9,565.64,303.54,0
438,169,97,13,18,2,10,232.76,113.06,0
439,170,98,9,3,10,25,603.18,339.37,0.15
440,170,98,6,3,10,2,441.8,202.95,0.05
441,170,98,3,3,10,16,827.18,428.42,0
442,171,98,17,99,1,24,721.87,373.03,0
443,171,98,1,99,1,14,823.52,529.32,0.1
444,172,99,1,68,8,8,804.53,529.32,0.05
445,172,99,20,68,8,11,59.9,34.35,0.1
446,172,99,17,68,8,19,721.87,373.03,0.15
447,172,99,4,68,8,9,323.12,204.85,0.05
448,173,99,3,111,5,9,827.18,428.42,0.15
449,173,99,5,111,5,24,528.23,270.34,0.1
450,173,99,15,111,5,15,1365.66,795.97,0
451,174,100,16,16,4,17,609.58,350.66,0
452,175,101,6,82,10,8,441.8,202.95,0.05
453,175,101,20,82,10,10,67.45,34.35,0
454,176,102,17,63,11,19,721.87,373.03,0
455,176,102,16,63,11,22,609.58,350.66,0.05
456,176,102,7,63,11,25,103.91,77.26,0.15
457,176,102,2,63,11,24,1733.65,869.25,0.05
458,177,102,20,53,10,24,67.45,34.35,0.05
459,178,103,2,16,8,13,1859.48,869.25,0
460,179,104,10,86,11,15,579.74,303.54,0.05
461,179,104,15,86,11,14,1365.66,795.97,0
462,179,104,2,86,11,15,1728.7,869.25,0
463,179,104,8,86,11,13,188.77,93.64,0.15
464,180,105,7,107,2,24,120.11,77.26,0
465,180,105,1,107,2,24,743.6,529.32,0
466,180,105,15,107,2,23,1365.66,795.97,0.05
467,180,105,4,107,2,8,323.12,204.85,0
468,181,105,5,30,3,22,528.23,270.34,0.15
469,181,105,16,30,3,10,596.44,350.66,0
470,181,105,13,30,3,25,232.76,113.06,0
471,182,105,21,42,1,2,43.25,23.36,0
472,183,105,7,110,5,18,120.11,77.26,0.05
473,184,106,7,13,2,15,120.11,77.26,0.05
474,185,107,13,15,6,24,232.76,113.06,0
475,185,107,2,15,6,14,1719.75,869.25,0.15
476,186,107,15,60,10,3,1316.33,795.97,0
477,186,107,16,60,10,21,520.09,350.66,0.15
478,186,107,19,60,10,22,819.01,488.55,0.05
479,186,107,6,60,10,24,441.8,202.95,0.15
480,187,107,6,86,1,22,400.17,202.95,0.05
481,187,107,3,86,1,2,827.18,428.42,0
482,187,107,17,86,1,1,721.87,373.03,0
483,188,108,5,16,3,8,492.87,270.34,0.05
484,188,108,15,16,3,15,1365.66,795.97,0
485,188,108,14,16,3,25,1191.81,616.93,0.05
486,188,108,4,16,3,20,323.12,204.85,0.15
487,189,108,16,27,5,17,609.58,350.66,0
488,190,108,3,79,6,23,827.18,428.42,0.05
489,190,108,19,79,6,19,791.79,488.55,0.05
490,191,109,5,92,12,11,528.23,270.34,0.15
491,191,109,14,92,12,19,1191.81,616.93,0.1
492,191,109,1,92,12,8,823.52,529.32,0.15
493,192,109,17,18,9,13,642.77,373.03,0
494,192,109,9,18,9,13,603.18,339.37,0
495,192,109,11,18,9,12,583.49,372.45,0
496,193,109,20,1,12,1,67.45,34.35,0
497,193,109,9,1,12,16,519.11,339.37,0.05
498,193,109,21,1,12,3,43.25,23.36,0.1
499,193,109,18,1,12,24,32.9,20.77,0
500,194,109,5,101,12,3,528.23,270.34,0
501,194,109,1,101,12,6,775.59,529.32,0.05
502,195,110,5,29,6,7,450.24,270.34,0.05
503,196,112,5,52,12,17,528.23,270.34,0
504,196,112,6,52,12,17,441.8,202.95,0.05
505,196,112,14,52,12,21,1191.81,616.93,0
506,197,112,14,96,9,21,1191.81,616.93,0.15
507,198,113,13,19,8,4,232.76,113.06,0.15
508,198,113,20,19,8,6,67.45,34.35,0
509,198,113,16,19,8,8,609.58,350.66,0.15
510,199,114,16,15,12,22,609.58,350.66,0
511,199,114,9,15,12,2,549.74,339.37,0
512,199,114,5,15,12,8,528.23,270.34,0
513,200,114,20,46,3,11,67.45,34.35,0
514,200,114,13,46,3,3,232.76,113.06,0
515,200,114,6,46,3,8,441.8,202.95,0
516,200,114,18,46,3,10,36.79,20.77,0.1
517,201,114,21,32,10,4,43.25,23.36,0.1
518,201,114,2,32,10,12,1859.48,869.25,0.1
519,201,114,3,32,10,24,827.18,428.42,0
520,202,117,17,6,7,10,721.87,373.03,0.05
521,202,117,15,6,7,22,1365.66,795.97,0
522,203,118,15,43,7,14,1365.66,795.97,0.05
523,204,119,12,113,10,18,650.29,395.69,0.05
524,204,119,19,113,10,3,819.01,488.55,0.15
525,205,119,20,85,3,23,67.45,34.35,0
526,205,119,8,85,3,13,188.77,93.64,0
527,205,119,13,85,3,25,232.76,113.06,0
528,206,120,5,13,12,11,510.95,270.34,0.15
529,206,120,20,13,12,12,60.94,34.35,0
530,206,120,14,13,12,18,1191.81,616.93,0
531,206,120,15,13,12,18,1365.66,795.97,0
532,207,120,20,57,7,3,67.45,34.35,0
533,208,121,14,63,9,19,1191.81,616.93,0.15
534,208,121,3,63,9,8,827.18,428.42,0.1
535,208,121,19,63,9,1,819.01,488.55,0.05
536,209,121,4,36,2,7,323.12,204.85,0.15
537,209,121,15,36,2,4,1365.66,795.97,0
538,209,121,19,36,2,20,819.01,488.55,0
539,209,121,11,36,2,23,583.49,372.45,0.05
540,210,122,21,20,9,3,43.25,23.36,0
541,210,122,1,20,9,15,823.52,529.32,0.1
542,210,122,11,20,9,8,583.49,372.45,0.1
543,211,122,9,56,4,24,558.72,339.37,0
544,211,122,15,56,4,3,1365.66,795.97,0
545,211,122,8,56,4,22,188.77,93.64,0
546,211,122,20,56,4,7,67.45,34.35,0
547,212,122,19,94,5,1,780.29,488.55,0.1
548,213,123,6,103,10,5,441.8,202.95,0.1
549,213,123,9,103,10,1,603.18,339.37,0.1
550,213,123,1,103,10,5,823.52,529.32,0.05
551,214,123,19,98,11,18,819.01,488.55,0.1
552,214,123,20,98,11,11,60.32,34.35,0.05
553,214,123,8,98,11,5,188.77,93.64,0
554,215,124,20,47,1,20,62.75,34.35,0.15
555,216,124,13,89,1,8,232.76,113.06,0
556,216,124,6,89,1,25,441.8,202.95,0
557,217,124,20,55,5,7,67.45,34.35,0.1
558,217,124,12,55,5,7,650.29,395.69,0.15
559,217,124,10,55,5,17,579.74,303.54,0.1
560,217,124,15,55,5,7,1365.66,795.97,0.15
561,218,126,15,25,6,6,1365.66,795.97,0.05
562,219,127,6,93,9,5,441.8,202.95,0
563,220,127,18,59,4,7,33.22,20.77,0
564,220,127,20,59,4,6,67.45,34.35,0
565,220,127,14,59,4,19,1191.81,616.93,0.05
566,220,127,11,59,4,19,583.49,372.45,0
567,221,129,6,58,10,10,380.81,202.95,0
568,222,129,10,115,8,19,579.74,303.54,0.05
569,222,129,6,115,8,4,441.8,202.95,0.05
570,223,129,9,39,6,3,603.18,339.37,0
571,224,129,17,80,1,16,698.55,373.03,0
572,224,129,14,80,1,13,1191.81,616.93,0
573,224,129,4,80,1,7,323.12,204.85,0
574,225,131,14,20,6,15,1153.32,616.93,0
575,225,131,8,20,6,13,188.77,93.64,0.15
576,226,131,12,111,12,21,650.29,395.69,0.1
577,226,131,4,111,12,15,323.12,204.85,0.1
578,227,133,11,60,10,4,503.04,372.45,0.1
579,227,133,21,60,10,10,43.25,23.36,0
580,227,133,10,60,10,11,579.74,303.54,0
581,228,133,13,81,3,12,232.76,113.06,0
582,228,133,11,81,3,24,583.49,372.45,0.1
583,228,133,6,81,3,6,441.8,202.95,0
584,229,134,2,17,10,5,1859.48,869.25,0
585,229,134,3,17,10,21,827.18,428.42,0.1
586,229,134,15,17,10,23,1365.66,795.97,0.05
587,229,134,9,17,10,25,603.18,339.37,0.05
588,230,134,3,106,6,5,827.18,428.42,0.05
589,230,134,16,106,6,5,609.58,350.66,0.1
590,230,134,18,106,6,13,36.79,20.77,0
591,231,134,17,76,8,1,721.87,373.03,0.1
592,232,135,15,98,10,23,1365.66,795.97,0.05
593,232,135,7,98,10,9,120.11,77.26,0
594,233,135,18,86,12,11,36.79,20.77,0
595,233,135,17,86,12,12,721.87,373.03,0
596,233,135,19,86,12,1,819.01,488.55,0.15
597,234,136,16,36,1,13,561.0,350.66,0
598,234,136,8,36,1,5,188.77,93.64,0.1
599,234,136,9,36,1,14,553.51,339.37,0
600,235,136,3,102,5,25,827.18,428.42,0.15
601,235,136,12,102,5,16,650.29,395.69,0.1
602,235,136,18,102,5,25,36.79,20.77,0.05
603,236,136,19,109,9,11,819.01,488.55,0
604,236,136,21,109,9,23,43.25,23.36,0.05
605,236,136,8,109,9,13,188.77,93.64,0
606,237,136,1,82,5,20,823.52,529.32,0.05
607,237,136,10,82,5,3,560.51,303.54,0
608,238,139,1,52,3,12,823.52,529.32,0
609,238,139,19,52,3,4,708.61,488.55,0
610,238,139,9,52,3,23,603.18,339.37,0
611,239,139,5,7,8,15,528.23,270.34,0
612,239,139,14,7,8,24,1191.81,616.93,0.1
613,239,139,13,7,8,22,232.76,113.06,0
614,239,139,16,7,8,23,566.84,350.66,0
615,240,141,21,56,11,4,41.1,23.36,0
616,241,142,14,47,5,16,1191.81,616.93,0.05
617,241,142,5,47,5,15,528.23,270.34,0.1
618,241,142,3,47,5,14,827.18,428.42,0
619,241,142,9,47,5,9,603.18,339.37,0
620,242,142,17,120,3,1,721.87,373.03,0.05
621,243,142,12,88,7,10,650.29,395.69,0.15
622,243,142,1,88,7,12,823.52,529.32,0.1
623,243,142,15,88,7,20,1365.66,795.97,0.15
624,243,142,10,88,7,24,560.92,303.54,0
625,244,142,17,30,6,9,721.87,373.03,0.1
626,244,142,4,30,6,8,323.12,204.85,0.1
627,244,142,11,30,6,23,583.49,372.45,0
628,244,142,6,30,6,15,441.8,202.95,0
629,245,145,14,9,11,1,1191.81,616.93,0
630,245,145,2,9,11,8,1665.4,869.25,0
631,245,145,5,9,11,16,487.69,270.34,0.15
632,245,145,1,9,11,9,804.53,529.32,0.15
633,246,145,9,71,1,7,603.18,339.37,0
634,246,145,21,71,1,1,43.25,23.36,0
635,247,145,2,9,2,6,1695.22,869.25,0.05
636,248,147,13,2,1,13,232.76,113.06,0.05
637,248,147,5,2,1,14,528.23,270.34,0.15
638,249,147,20,101,9,4,67.45,34.35,0
639,249,147,17,101,9,21,721.87,373.03,0.05
640,249,147,12,101,9,8,650.29,395.69,0
641,249,147,4,101,9,17,323.12,204.85,0
642,250,148,7,72,10,23,120.11,77.26,0
643,250,148,6,72,10,18,441.8,202.95,0.1
644,250,148,16,72,10,3,573.88,350.66,0
645,250,148,11,72,10,10,505.64,372.45,0.05
646,251,149,16,56,9,23,609.58,350.66,0
647,251,149,2,56,9,23,1859.48,869.25,0
648,251,149,14,56,9,20,1191.81,616.93,0
649,252,149,5,69,6,10,515.68,270.34,0
650,252,149,17,69,6,23,721.87,373.03,0
651,252,149,1,69,6,11,712.64,529.32,0
652,252,149,7,69,6,24,120.11,77.26,0
653,253,149,11,78,9,14,583.49,372.45,0.05
654,254,149,1,62,7,2,823.52,529.32,0.05
655,254,149,15,62,7,1,1365.66,795.97,0.1
656,254,149,9,62,7,14,581.31,339.37,0.15
657,254,149,4,62,7,13,323.12,204.85,0.15
658,255,151,11,75,10,12,583.49,372.45,0
659,255,151,2,75,10,15,1859.48,869.25,0
660,255,151,10,75,10,10,579.74,303.54,0
661,255,151,9,75,10,3,603.18,339.37,0.05
662,256,151,19,84,9,4,819.01,488.55,0
663,256,151,11,84,9,25,583.49,372.45,0.05
664,256,151,4,84,9,24,323.12,204.85,0
665,256,151,9,84,9,10,603.18,339.37,0
666,257,151,4,36,9,8,323.12,204.85,0
667,258,151,12,116,1,17,650.29,395.69,0
668,259,153,3,118,10,25,827.18,428.42,0
669,260,154,2,114,11,17,1859.48,869.25,0
670,260,154,14,114,11,8,1191.81,616.93,0
671,261,154,3,107,7,22,827.18,428.42,0
672,261,154,10,107,7,5,579.74,303.54,0
673,261,154,2,107,7,9,1859.48,869.25,0
674,261,154,12,107,7,10,650.29,395.69,0
675,262,154,16,41,2,2,609.58,350.66,0.15
676,262,154,7,41,2,18,120.11,77.26,0.1
677,262,154,8,41,2,16,188.77,93.64,0
678,262,154,6,41,2,5,441.8,202.95,0.05
679,263,156,17,38,3,18,703.95,373.03,0.15
680,263,156,3,38,3,2,827.18,428.42,0.15
681,263,156,7,38,3,5,120.11,77.26,0
682,263,156,20,38,3,24,67.45,34.35,0
683,264,157,4,105,4,20,323.12,204.85,0
684,264,157,16,105,4,21,609.58,350.66,0.1
685,264,157,19,105,4,24,819.01,488.55,0.1
686,264,157,12,105,4,8,650.29,395.69,0
687,265,157,19,95,4,21,819.01,488.55,0
688,266,158,16,104,5,7,609.58,350.66,0
689,267,158,19,29,3,19,721.74,488.55,0.15
690,267,158,6,29,3,23,441.8,202.95,0.15
691,267,158,3,29,3,23,795.12,428.42,0
692,267,158,20,29,3,4,63.32,34.35,0
693,268,159,7,102,4,24,120.11,77.26,0
694,268,159,10,102,4,22,579.74,303.54,0
695,268,159,9,102,4,13,603.18,339.37,0
696,269,160,3,55,10,13,793.17,428.42,0
697,269,160,9,55,10,20,603.18,339.37,0.15
698,269,160,21,55,10,25,43.25,23.36,0.1
699,269,160,8,55,10,19,188.77,93.64,0.15
700,270,160,15,94,4,15,1365.66,795.97,0.15
701,270,160,17,94,4,13,721.87,373.03,0
702,271,160,4,111,12,15,323.12,204.85,0.15
703,271,160,21,111,12,18,43.25,23.36,0.15
704,271,160,19,111,12,6,819.01,488.55,0.1
705,271,160,9,111,12,13,586.91,339.37,0
706,272,160,2,83,10,23,1859.48,869.25,0
707,272,160,10,83,10,5,514.2,303.54,0
708,272,160,20,83,10,22,61.84,34.35,0
709,272,160,16,83,10,3,609.58,350.66,0.15
710,273,161,9,69,10,17,603.18,339.37,0.1
711,273,161,3,69,10,4,827.18,428.42,0
712,274,163,4,108,7,15,277.61,204.85,0.1
713,275,164,19,51,9,23,819.01,488.55,0.05
714,275,164,15,51,9,1,1365.66,795.97,0.1
715,275,164,8,51,9,5,169.7,93.64,0.15
716,276,164,20,21,3,24,67.45,34.35,0
717,276,164,4,21,3,12,323.12,204.85,0.15
718,276,164,12,21,3,4,650.29,395.69,0
719,277,165,3,108,4,8,827.18,428.42,0
720,278,165,10,61,3,22,579.74,303.54,0
721,278,165,7,61,3,21,120.11,77.26,0.15
722,278,165,11,61,3,15,583.49,372.45,0
723,279,165,9,86,7,9,603.18,339.37,0
724,279,165,10,86,7,5,579.74,303.54,0.15
725,279,165,16,86,7,16,609.58,350.66,0.15
726,280,165,7,33,9,23,120.11,77.26,0.1
727,280,165,14,33,9,2,1052.21,616.93,0.05
728,280,165,6,33,9,22,441.8,202.95,0.1
729,280,165,12,33,9,12,650.29,395.69,0
730,281,167,13,62,1,10,208.78,113.06,0
731,281,167,19,62,1,11,819.01,488.55,0.05
732,281,167,18,62,1,2,36.79,20.77,0.05
733,282,167,2,58,8,18,1771.94,869.25,0.05
734,282,167,14,58,8,14,1191.81,616.93,0
735,283,167,17,5,1,19,721.87,373.03,0.15
736,284,168,19,112,4,14,819.01,488.55,0
737,284,168,20,112,4,11,67.45,34.35,0.15
738,285,168,18,23,7,13,36.79,20.77,0.1
739,285,168,6,23,7,16,441.8,202.95,0.1
740,285,168,21,23,7,2,43.25,23.36,0.15
741,285,168,12,23,7,6,650.29,395.69,0.15
742,286,168,19,40,8,3,819.01,488.55,0.1
743,286,168,20,40,8,20,67.45,34.35,0
744,287,168,15,62,7,18,1365.66,795.97,0
745,288,169,16,8,6,23,591.02,350.66,0.15
746,288,169,6,8,6,17,441.8,202.95,0.1
747,288,169,9,8,6,9,603.18,339.37,0
748,288,169,10,8,6,19,562.17,303.54,0.05
749,289,169,14,50,8,13,1017.48,616.93,0
750,289,169,3,50,8,13,827.18,428.42,0
751,289,169,11,50,8,14,583.49,372.45,0
752,289,169,17,50,8,1,721.87,373.03,0
753,290,169,12,46,10,21,650.29,395.69,0.05
754,290,169,16,46,10,8,552.31,350.66,0.05
755,290,169,19,46,10,2,819.01,488.55,0
756,290,169,6,46,10,7,441.8,202.95,0
757,291,169,21,111,7,16,43.25,23.36,0
758,291,169,14,111,7,3,1135.58,616.93,0
759,291,169,19,111,7,14,819.01,488.55,0.1
760,291,169,12,111,7,17,650.29,395.69,0
761,292,170,15,110,8,5,1365.66,795.97,0.05
762,293,171,19,58,7,5,819.01,488.55,0.05
763,293,171,21,58,7,25,43.25,23.36,0.1
764,293,171,17,58,7,16,721.87,373.03,0.05
765,294,171,16,105,11,6,609.58,350.66,0
766,294,171,1,105,11,19,780.26,529.32,0.05
767,294,171,11,105,11,4,583.49,372.45,0.1
768,295,172,1,83,8,5,823.52,529.32,0
769,295,172,8,83,8,3,188.77,93.64,0
770,295,172,19,83,8,12,819.01,488.55,0.1
771,295,172,5,83,8,9,528.23,270.34,0.05
772,296,172,17,96,8,23,721.87,373.03,0
773,296,172,7,96,8,10,120.11,77.26,0
774,296,172,15,96,8,3,1365.66,795.97,0
775,297,173,17,107,11,24,721.87,373.03,0
776,297,173,11,107,11,19,552.98,372.45,0.15
777,298,174,12,104,1,14,650.29,395.69,0.05
778,298,174,1,104,1,23,763.16,529.32,0.05
779,298,174,17,104,1,20,721.87,373.03,0
780,298,174,9,104,1,3,603.18,339.37,0
781,299,174,10,2,9,10,505.4,303.54,0
782,300,175,21,60,9,16,43.25,23.36,0.05
783,300,175,20,60,9,25,67.45,34.35,0.1
784,300,175,9,60,9,21,603.18,339.37,0
785,300,175,4,60,9,20,323.12,204.85,0.05
786,301,176,21,84,12,20,43.25,23.36,0
787,301,176,15,84,12,9,1365.66,795.97,0.1
788,301,176,1,84,12,12,823.52,529.32,0.1
789,301,176,10,84,12,2,579.74,303.54,0.1
790,302,178,6,77,5,11,441.8,202.95,0.15
791,302,178,16,77,5,25,537.06,350.66,0
792,302,178,8,77,5,18,188.77,93.64,0
793,303,178,1,2,5,3,823.52,529.32,0
794,303,178,13,2,5,13,232.76,113.06,0
795,303,178,21,2,5,8,37.41,23.36,0
796,303,178,6,2,5,23,441.8,202.95,0
797,304,178,5,30,6,14,528.23,270.34,0
798,304,178,18,30,6,24,36.79,20.77,0.1
799,304,178,7,30,6,7,120.11,77.26,0
800,304,178,2,30,6,9,1859.48,869.25,0
801,305,179,14,4,7,15,1191.81,616.93,0
802,305,179,12,4,7,19,650.29,395.69,0.05
803,305,179,7,4,7,8,120.11,77.26,0
804,306,179,15,76,3,25,1365.66,795.97,0.05
805,306,179,8,76,3,13,188.77,93.64,0.1
806,306,179,16,76,3,12,609.58,350.66,0
807,306,179,11,76,3,20,567.48,372.45,0.15
808,307,179,18,99,3,20,36.79,20.77,0.1
809,307,179,8,99,3,20,188.77,93.64,0.05
810,308,182,16,67,1,12,609.58,350.66,0
811,308,182,1,67,1,1,823.52,529.32,0.1
812,308,182,12,67,1,25,650.29,395.69,0
813,309,187,12,76,4,9,580.9,395.69,0.1
814,309,187,1,76,4,1,823.52,529.32,0.1
815,310,188,15,117,1,12,1365.66,795.97,0.15
816,311,188,18,1,5,11,36.79,20.77,0
817,311,188,19,1,5,14,819.01,488.55,0.05
818,312,189,20,89,5,1,67.45,34.35,0.1
819,312,189,13,89,5,25,232.76,113.06,0
820,312,189,3,89,5,25,827.18,428.42,0
821,313,189,6,49,7,17,441.8,202.95,0.1
822,314,190,16,3,5,17,609.58,350.66,0.15
823,315,191,19,83,10,7,819.01,488.55,0.15
824,315,191,5,83,10,23,461.21,270.34,0.05
825,315,191,14,83,10,17,1191.81,616.93,0.1
826,315,191,13,83,10,18,232.76,113.06,0
827,316,192,20,74,2,10,67.45,34.35,0.05
828,316,192,6,74,2,13,441.8,202.95,0.15
829,317,192,9,13,8,8,603.18,339.37,0
830,318,194,13,84,11,21,232.76,113.06,0.15
831,318,194,21,84,11,7,43.25,23.36,0
832,318,194,2,84,11,20,1859.48,869.25,0.15
833,318,194,10,84,11,14,579.74,303.54,0
834,319,196,6,58,4,22,441.8,202.95,0
835,320,196,15,43,2,1,1365.66,795.97,0
836,320,196,1,43,2,10,823.52,529.32,0.05
837,320,196,5,43,2,11,528.23,270.34,0.15
838,321,197,13,86,8,25,232.76,113.06,0
839,321,197,9,86,8,1,603.18,339.37,0.15
840,322,197,6,46,3,16,429.1,202.95,0.1
841,322,197,9,46,3,9,603.18,339.37,0
842,322,197,7,46,3,9,106.82,77.26,0.05
843,322,197,5,46,3,23,497.46,270.34,0
844,323,198,5,49,7,10,528.23,270.34,0.05
845,323,198,2,49,7,16,1790.07,869.25,0
846,323,198,17,49,7,15,721.87,373.03,0.1
847,323,198,12,49,7,23,650.29,395.69,0.15
848,324,198,15,120,4,24,1365.66,795.97,0
849,324,198,18,120,4,5,36.79,20.77,0
850,324,198,12,120,4,7,612.82,395.69,0.1
851,325,200,10,49,2,7,579.74,303.54,0.1
852,325,200,9,49,2,12,603.18,339.37,0
853,325,200,12,49,2,14,595.73,395.69,0
854,326,201,15,114,11,20,1365.66,795.97,0
855,326,201,18,114,11,4,36.79,20.77,0.1
856,326,201,4,114,11,15,323.12,204.85,0
857,327,201,21,15,10,11,43.25,23.36,0.05
858,327,201,10,15,10,24,579.74,303.54,0
859,327,201,5,15,10,6,497.05,270.34,0
860,327,201,19,15,10,10,819.01,488.55,0
861,328,203,19,41,6,5,754.34,488.55,0.15
862,329,203,6,111,3,5,441.8,202.95,0.1
863,330,206,4,115,9,17,294.01,204.85,0.1
864,330,206,2,115,9,1,1606.09,869.25,0
865,330,206,9,115,9,15,603.18,339.37,0
866,330,206,14,115,9,17,1191.81,616.93,0.15
867,331,206,13,64,8,23,232.76,113.06,0
868,332,208,4,62,1,5,323.12,204.85,0.1
869,333,210,13,8,1,8,232.76,113.06,0
870,334,210,6,38,8,13,441.8,202.95,0
871,334,210,4,38,8,1,286.97,204.85,0
872,334,210,12,38,8,25,650.29,395.69,0
873,335,212,2,109,8,22,1859.48,869.25,0.15
874,335,212,15,109,8,22,1365.66,795.97,0.05
875,335,212,6,109,8,13,441.8,202.95,0.05
876,336,216,7,47,10,18,120.11,77.26,0
877,336,216,9,47,10,5,603.18,339.37,0.1
878,336,216,10,47,10,8,540.28,303.54,0.1
879,337,217,5,99,9,20,509.44,270.34,0
880,337,217,3,99,9,4,827.18,428.42,0
881,337,217,8,99,9,25,188.77,93.64,0
882,338,217,21,14,11,22,42.14,23.36,0.1
883,338,217,3,14,11,14,827.18,428.42,0
884,338,217,15,14,11,20,1365.66,795.97,0.1
885,338,217,2,14,11,4,1794.79,869.25,0.15
886,339,218,1,88,11,12,823.52,529.32,0
887,339,218,3,88,11,17,827.18,428.42,0
888,339,218,5,88,11,21,528.23,270.34,0.15
889,339,218,18,88,11,23,36.79,20.77,0.15
890,340,219,10,92,12,1,579.74,303.54,0.15
891,340,219,11,92,12,6,583.49,372.45,0.05
892,340,219,17,92,12,17,721.87,373.03,0.1
893,341,220,7,21,8,6,120.11,77.26,0
894,341,220,3,21,8,7,827.18,428.42,0.05
895,341,220,17,21,8,16,721.87,373.03,0
896,341,220,19,21,8,3,819.01,488.55,0
897,342,220,9,65,8,16,603.18,339.37,0
898,343,221,20,72,2,19,67.45,34.35,0.05
899,344,223,6,31,10,5,441.8,202.95,0.05
900,344,223,4,31,10,10,323.12,204.85,0
901,344,223,8,31,10,15,188.77,93.64,0.15
902,345,228,9,46,1,18,603.18,339.37,0.05
903,345,228,12,46,1,15,650.29,395.69,0.05
904,345,228,8,46,1,5,188.77,93.64,0
905,346,229,8,56,6,10,161.04,93.64,0
906,347,229,1,13,2,10,823.52,529.32,0
907,347,229,19,13,2,1,819.01,488.55,0
908,347,229,7,13,2,5,120.11,77.26,0
909,348,230,20,28,7,3,67.45,34.35,0
910,348,230,14,28,7,8,1191.81,616.93,0
911,348,230,18,28,7,3,36.79,20.77,0
912,348,230,9,28,7,12,603.18,339.37,0
913,349,230,10,71,12,17,499.2,303.54,0
914,349,230,16,71,12,14,560.65,350.66,0
915,349,230,5,71,12,1,528.23,270.34,0.15
916,349,230,20,71,12,23,63.4,34.35,0
917,350,231,6,89,5,9,441.8,202.95,0
918,351,231,12,57,4,24,650.29,395.69,0.1
919,351,231,5,57,4,6,528.23,270.34,0.15
920,351,231,4,57,4,20,323.12,204.85,0
921,352,232,5,90,10,22,528.23,270.34,0.1
922,353,234,19,9,7,22,700.78,488.55,0
923,354,234,19,72,11,11,819.01,488.55,0.15
924,354,234,21,72,11,20,43.25,23.36,0.05
925,354,234,18,72,11,9,34.06,20.77,0
926,354,234,9,72,11,10,569.54,339.37,0
927,355,235,10,114,6,22,579.74,303.54,0
928,355,235,19,114,6,12,819.01,488.55,0
929,355,235,5,114,6,24,528.23,270.34,0
930,356,235,8,81,8,15,188.77,93.64,0.05
931,356,235,12,81,8,6,650.29,395.69,0
932,356,235,17,81,8,12,721.87,373.03,0
933,357,240,3,107,10,15,827.18,428.42,0.1
934,357,240,13,107,10,20,209.72,113.06,0
935,357,240,7,107,10,9,120.11,77.26,0.05
936,358,240,7,45,2,12,120.11,77.26,0.15
937,358,240,5,45,2,7,528.23,270.34,0
938,358,240,19,45,2,19,819.01,488.55,0.15
939,358,240,21,45,2,15,43.25,23.36,0.05
940,359,241,19,10,12,24,819.01,488.55,0.1
941,360,241,2,30,5,10,1859.48,869.25,0
942,360,241,5,30,5,16,528.23,270.34,0.05
943,361,242,9,71,11,24,603.18,339.37,0
944,361,242,12,71,11,9,650.29,395.69,0.1
945,361,242,8,71,11,14,188.77,93.64,0
946,361,242,21,71,11,19,37.19,23.36,0.15
947,362,242,13,108,11,12,232.76,113.06,0
948,362,242,1,108,11,2,823.52,529.32,0.05
949,362,242,9,108,11,7,603.18,339.37,0
950,363,244,15,28,2,22,1365.66,795.97,0.15
951,364,244,19,72,5,23,819.01,488.55,0
952,364,244,8,72,5,9,188.77,93.64,0
953,364,244,15,72,5,2,1365.66,795.97,0.15
954,365,244,6,30,1,19,392.0,202.95,0.05
955,366,246,15,1,11,13,1251.38,795.97,0
956,366,246,18,1,11,4,32.03,20.77,0
957,367,246,20,4,2,21,61.91,34.35,0.15
958,368,246,21,44,6,20,42.16,23.36,0
959,368,246,8,44,6,20,163.63,93.64,0
960,368,246,12,44,6,17,575.42,395.69,0
961,369,246,3,45,5,18,703.41,428.42,0
962,370,247,15,39,5,3,1247.9,795.97,0
963,370,247,7,39,5,7,120.11,77.26,0
964,370,247,11,39,5,6,583.49,372.45,0
965,370,247,16,39,5,24,609.58,350.66,0.05
966,371,248,8,28,10,3,188.77,93.64,0.1
967,372,248,3,41,10,23,827.18,428.42,0
968,372,248,11,41,10,8,583.49,372.45,0
969,373,249,12,7,1,2,650.29,395.69,0.1
970,373,249,17,7,1,10,721.87,373.03,0
971,373,249,10,7,1,21,579.74,303.54,0.1
972,374,249,9,38,2,20,574.18,339.37,0.05
973,374,249,4,38,2,20,303.96,204.85,0.15
974,375,249,1,63,8,24,823.52,529.32,0
975,375,249,12,63,8,23,650.29,395.69,0.15
976,376,249,12,63,10,17,584.29,395.69,0
977,376,249,20,63,10,21,67.45,34.35,0.15
978,376,249,18,63,10,9,36.79,20.77,0
979,376,249,19,63,10,4,748.4,488.55,0.15
980,377,250,14,105,3,22,1191.81,616.93,0.15
981,377,250,12,105,3,15,650.29,395.69,0.1
982,378,250,17,107,10,21,721.87,373.03,0
983,378,250,15,107,10,16,1365.66,795.97,0
984,378,250,8,107,10,23,188.77,93.64,0
985,378,250,18,107,10,8,33.61,20.77,0.1
986,379,252,17,35,12,23,676.65,373.03,0.15
987,379,252,8,35,12,20,188.77,93.64,0.15
988,379,252,16,35,12,12,609.58,350.66,0.05
989,379,252,1,35,12,19,823.52,529.32,0
990,380,253,15,66,3,7,1256.67,795.97,0.05
991,380,253,19,66,3,7,819.01,488.55,0
992,380,253,13,66,3,24,232.76,113.06,0
993,381,253,20,49,12,14,67.45,34.35,0.1
994,381,253,18,49,12,4,36.79,20.77,0
995,382,255,21,101,5,17,43.25,23.36,0
996,382,255,5,101,5,7,528.23,270.34,0
997,382,255,17,101,5,24,670.01,373.03,0
998,383,255,13,112,10,11,201.02,113.06,0.15
999,383,255,19,112,10,22,711.84,488.55,0
1000,383,255,2,112,10,5,1859.48,869.25,0.05
1001,383,255,11,112,10,11,499.35,372.45,0
1002,384,255,19,98,4,12,819.01,488.55,0.1
1003,384,255,16,98,4,14,609.58,350.66,0
1004,384,255,14,98,4,24,1036.21,616.93,0
1005,384,255,4,98,4,21,323.12,204.85,0
1006,385,256,18,27,5,23,36.79,20.77,0
1007,385,256,20,27,5,14,67.45,34.35,0.15
1008,385,256,19,27,5,1,819.01,488.55,0
1009,385,256,4,27,5,8,323.12,204.85,0
1010,386,256,4,67,4,18,323.12,204.85,0.1
1011,386,256,6,67,4,12,441.8,202.95,0.05
1012,386,256,12,67,4,4,630.92,395.69,0
1013,387,257,14,50,5,24,1191.81,616.93,0
1014,387,257,16,50,5,3,609.58,350.66,0
1015,388,258,20,48,8,8,67.45,34.35,0.1
1016,388,258,3,48,8,21,724.97,428.42,0
1017,389,258,19,59,1,23,819.01,488.55,0.1
1018,389,258,4,59,1,12,323.12,204.85,0.05
1019,389,258,6,59,1,6,441.8,202.95,0
1020,390,259,5,96,7,1,528.23,270.34,0
1021,391,259,11,15,11,14,583.49,372.45,0
1022,391,259,2,15,11,25,1859.48,869.25,0
1023,391,259,20,15,11,21,59.3,34.35,0.15
1024,391,259,10,15,11,22,579.74,303.54,0
1025,392,259,6,36,8,5,412.48,202.95,0.15
1026,393,259,18,37,9,10,32.95,20.77,0.15
1027,394,260,10,32,9,10,579.74,303.54,0.15
1028,394,260,7,32,9,17,108.79,77.26,0.1
1029,394,260,1,32,9,25,744.33,529.32,0
1030,395,260,18,34,11,2,36.79,20.77,0
1031,395,260,10,34,11,19,579.74,303.54,0.1
1032,395,260,16,34,11,10,609.58,350.66,0
1033,395,260,1,34,11,18,715.68,529.32,0
1034,396,260,13,61,12,8,232.76,113.06,0
1035,396,260,10,61,12,7,552.57,303.54,0.15
1036,397,261,9,69,3,4,603.18,339.37,0.1
1037,398,261,12,34,9,13,609.72,395.69,0
1038,398,261,9,34,9,16,603.18,339.37,0
1039,398,261,20,34,9,2,57.84,34.35,0.15
1040,399,264,11,35,4,7,546.95,372.45,0.15
1041,400,264,10,22,8,8,521.05,303.54,0
1042,401,264,9,90,3,5,591.05,339.37,0.15
1043,402,265,16,66,2,18,584.43,350.66,0
1044,403,265,7,54,2,19,120.11,77.26,0.1
1045,404,266,16,57,5,22,609.58,350.66,0.1
1046,404,266,10,57,5,7,579.74,303.54,0.1
1047,405,266,17,89,3,9,721.87,373.03,0
1048,406,266,1,87,11,8,823.52,529.32,0
1049,407,267,18,85,3,15,36.79,20.77,0.15
1050,407,267,17,85,3,13,674.49,373.03,0
1051,407,267,8,85,3,9,183.59,93.64,0
1052,408,267,13,31,8,7,223.59,113.06,0
1053,409,268,9,45,7,17,603.18,339.37,0
1054,409,268,6,45,7,8,441.8,202.95,0
1055,409,268,19,45,7,23,819.01,488.55,0
1056,410,268,18,89,11,13,36.79,20.77,0.1
1057,410,268,11,89,11,19,583.49,372.45,0
1058,410,268,1,89,11,5,798.66,529.32,0.05
1059,411,270,1,68,7,10,823.52,529.32,0
1060,412,270,11,51,2,6,567.57,372.45,0.15
1061,413,270,17,44,2,12,721.87,373.03,0.05
1062,414,270,13,5,5,25,232.76,113.06,0
1063,415,271,13,72,8,13,232.76,113.06,0.15
1064,415,271,20,72,8,22,67.45,34.35,0.05
1065,415,271,16,72,8,15,609.58,350.66,0
1066,416,272,5,56,3,8,528.23,270.34,0
1067,417,272,5,20,5,21,528.23,270.34,0.05
1068,417,272,16,20,5,7,609.58,350.66,0
1069,417,272,19,20,5,3,819.01,488.55,0
1070,418,274,9,30,12,12,603.18,339.37,0
1071,419,274,17,107,12,15,721.87,373.03,0.1
1072,419,274,5,107,12,16,528.23,270.34,0
1073,419,274,8,107,12,9,188.77,93.64,0.1
1074,420,274,8,100,4,10,188.77,93.64,0.1
1075,420,274,2,100,4,23,1859.48,869.25,0
1076,420,274,3,100,4,1,827.18,428.42,0
1077,421,274,16,49,6,17,609.58,350.66,0.05
1078,421,274,17,49,6,19,721.87,373.03,0
1079,421,274,6,49,6,11,441.8,202.95,0
1080,422,275,10,89,11,10,579.74,303.54,0.15
1081,423,275,7,8,8,9,120.11,77.26,0.1
1082,423,275,16,8,8,22,520.21,350.66,0.05
1083,423,275,21,8,8,24,43.25,23.36,0
1084,423,275,13,8,8,17,204.67,113.06,0
1085,424,275,5,111,5,1,528.23,270.34,0
1086,424,275,21,111,5,24,43.25,23.36,0
1087,424,275,18,111,5,15,36.79,20.77,0
1088,425,275,11,27,11,19,583.49,372.45,0
1089,425,275,15,27,11,1,1365.66,795.97,0.05
1090,425,275,13,27,11,13,232.76,113.06,0.1
1091,425,275,3,27,11,24,804.31,428.42,0
1092,426,276,8,94,12,13,188.77,93.64,0.15
1093,426,276,9,94,12,1,603.18,339.37,0
1094,426,276,14,94,12,6,1013.16,616.93,0
1095,427,277,1,103,7,8,747.09,529.32,0
1096,427,277,16,103,7,18,561.92,350.66,0.15
1097,428,277,5,6,10,9,449.68,270.34,0
1098,428,277,7,6,10,18,120.11,77.26,0.1
1099,428,277,2,6,10,17,1859.48,869.25,0.1
1100,429,277,9,44,4,22,585.67,339.37,0.05
1101,430,277,9,54,12,15,533.79,339.37,0.05
1102,430,277,21,54,12,8,40.79,23.36,0
1103,430,277,17,54,12,19,675.35,373.03,0
1104,431,278,8,17,8,6,188.77,93.64,0.05
1105,431,278,13,17,8,5,232.76,113.06,0.1
1106,431,278,6,17,8,25,405.72,202.95,0
1107,431,278,12,17,8,5,650.29,395.69,0
1108,432,278,18,49,11,10,36.79,20.77,0.05
1109,432,278,20,49,11,18,67.45,34.35,0
1110,433,280,4,74,7,23,323.12,204.85,0.15
1111,433,280,19,74,7,19,819.01,488.55,0
1112,433,280,12,74,7,20,620.39,395.69,0
1113,433,280,21,74,7,23,43.25,23.36,0.05
1114,434,282,11,36,8,10,583.49,372.45,0
1115,434,282,13,36,8,3,222.54,113.06,0
1116,435,284,14,111,6,4,1191.81,616.93,0.1
1117,435,284,13,111,6,3,232.76,113.06,0.05
1118,436,285,9,5,12,4,581.83,339.37,0
1119,436,285,21,5,12,24,43.25,23.36,0
1120,437,285,5,13,2,14,528.23,270.34,0
1121,438,285,2,118,4,22,1785.22,869.25,0
1122,438,285,6,118,4,20,441.8,202.95,0.1
1123,438,285,4,118,4,18,323.12,204.85,0
1124,439,285,14,82,10,22,1191.81,616.93,0.15
1125,439,285,6,82,10,6,441.8,202.95,0.1
1126,439,285,8,82,10,1,188.77,93.64,0.05
1127,440,287,11,11,8,22,583.49,372.45,0.15
1128,440,287,8,11,8,23,169.35,93.64,0
1129,441,287,1,16,2,20,823.52,529.32,0.05
1130,441,287,10,16,2,18,579.74,303.54,0
1131,441,287,7,16,2,7,120.11,77.26,0
1132,442,288,16,48,5,1,609.58,350.66,0
1133,442,288,10,48,5,13,524.11,303.54,0.05
1134,443,289,10,85,2,19,500.77,303.54,0.05
1135,443,289,8,85,2,20,188.77,93.64,0.05
1136,443,289,6,85,2,16,441.8,202.95,0.05
1137,443,289,2,85,2,3,1859.48,869.25,0.15
1138,444,289,19,57,6,16,819.01,488.55,0
1139,444,289,8,57,6,1,177.71,93.64,0.1
1140,444,289,20,57,6,11,67.45,34.35,0
1141,445,289,3,12,9,4,827.18,428.42,0.15
1142,445,289,7,12,9,3,120.11,77.26,0
1143,445,289,14,12,9,15,1131.6,616.93,0
1144,446,289,21,15,7,21,40.84,23.36,0.1
1145,446,289,4,15,7,15,323.12,204.85,0.05
1146,447,292,16,117,1,13,609.58,350.66,0
1147,447,292,19,117,1,17,819.01,488.55,0.05
1148,447,292,18,117,1,4,36.79,20.77,0
1149,448,292,12,112,9,3,650.29,395.69,0.1
1150,449,292,15,28,7,19,1365.66,795.97,0
1151,449,292,1,28,7,17,823.52,529.32,0
1152,450,292,13,29,1,4,232.76,113.06,0.1
1153,451,293,4,115,10,14,323.12,204.85,0.05
1154,451,293,10,115,10,3,579.74,303.54,0.1
1155,451,293,1,115,10,9,823.52,529.32,0.1
1156,452,294,1,25,6,4,789.41,529.32,0
1157,452,294,16,25,6,22,609.58,350.66,0.05
1158,452,294,6,25,6,23,441.8,202.95,0.1
1159,452,294,7,25,6,10,120.11,77.26,0.15
1160,453,294,7,67,8,16,103.96,77.26,0
1161,453,294,11,67,8,15,583.49,372.45,0.15
1162,454,294,9,53,12,25,535.83,339.37,0
1163,455,294,6,99,7,17,441.8,202.95,0
1164,456,296,12,10,11,3,650.29,395.69,0
1165,456,296,14,10,11,5,1191.81,616.93,0
1166,456,296,7,10,11,2,120.11,77.26,0
1167,456,296,15,10,11,4,1365.66,795.97,0.15
1168,457,296,7,66,11,19,107.52,77.26,0
1169,458,296,12,42,11,15,650.29,395.69,0.15
1170,458,296,11,42,11,11,583.49,372.45,0
1171,458,296,16,42,11,20,609.58,350.66,0.05
1172,458,296,17,42,11,9,721.87,373.03,0.1
1173,459,296,11,73,5,12,523.14,372.45,0
1174,459,296,19,73,5,11,819.01,488.55,0.05
1175,459,296,7,73,5,23,120.11,77.26,0
1176,460,297,12,89,4,10,650.29,395.69,0
1177,460,297,3,89,4,9,803.48,428.42,0
1178,461,297,3,17,4,6,827.18,428.42,0
1179,461,297,7,17,4,16,120.11,77.26,0.15
1180,462,299,1,26,9,9,823.52,529.32,0.1
1181,462,299,6,26,9,18,441.8,202.95,0
1182,462,299,17,26,9,14,721.87,373.03,0
1183,463,299,5,26,6,21,528.23,270.34,0.15
1184,463,299,14,26,6,22,1191.81,616.93,0
1185,463,299,3,26,6,10,827.18,428.42,0.15
1186,463,299,4,26,6,4,323.12,204.85,0.05
1187,464,300,12,89,11,3,650.29,395.69,0
1188,465,300,15,4,3,25,1365.66,795.97,0.1
1189,465,300,3,4,3,12,827.18,428.42,0.15
1190,466,300,19,79,7,14,819.01,488.55,0
1191,467,300,20,62,4,13,67.45,34.35,0
1192,467,300,16,62,4,5,609.58,350.66,0.15
1193,467,300,11,62,4,23,583.49,372.45,0
1194,467,300,17,62,4,14,721.87,373.03,0.05
1195,468,301,9,15,3,15,551.2,339.37,0.15
1196,468,301,8,15,3,15,188.77,93.64,0.05
1197,469,301,16,6,8,24,571.67,350.66,0
1198,469,301,4,6,8,9,323.12,204.85,0
1199,470,301,4,109,5,22,323.12,204.85,0
1200,470,301,11,109,5,8,583.49,372.45,0
1201,470,301,19,109,5,7,819.01,488.55,0.1
1202,470,301,16,109,5,19,609.58,350.66,0
1203,471,302,6,31,7,6,397.99,202.95,0.05
1204,471,302,7,31,7,25,120.11,77.26,0
1205,471,302,13,31,7,3,232.76,113.06,0
1206,471,302,5,31,7,6,476.21,270.34,0.15
1207,472,302,6,40,12,17,441.8,202.95,0.15
1208,472,302,21,40,12,23,43.25,23.36,0.1
1209,472,302,13,40,12,7,232.76,113.06,0.05
1210,473,302,20,66,12,5,67.45,34.35,0.1
1211,474,303,1,108,8,11,823.52,529.32,0
1212,475,303,4,107,7,18,323.12,204.85,0
1213,476,303,6,31,4,9,441.8,202.95,0.05
1214,477,304,6,44,3,13,441.8,202.95,0.15
1215,477,304,16,44,3,19,545.39,350.66,0.05
1216,477,304,20,44,3,21,63.77,34.35,0
1217,478,305,8,27,9,25,188.77,93.64,0.05
1218,478,305,1,27,9,16,823.52,529.32,0.05
1219,479,306,1,74,11,19,790.34,529.32,0.05
1220,480,306,19,69,11,14,819.01,488.55,0.15
1221,480,306,10,69,11,21,579.74,303.54,0
1222,481,306,9,111,4,8,603.18,339.37,0.15
1223,481,306,13,111,4,16,232.76,113.06,0.15
1224,482,307,8,28,10,19,188.77,93.64,0.05
1225,483,307,6,99,12,1,441.8,202.95,0.1
1226,483,307,7,99,12,5,103.88,77.26,0.05
1227,483,307,14,99,12,3,1191.81,616.93,0.05
1228,483,307,16,99,12,10,536.72,350.66,0.1
1229,484,308,13,91,12,6,232.76,113.06,0
1230,484,308,8,91,12,9,188.77,93.64,0
1231,484,308,1,91,12,25,823.52,529.32,0
1232,484,308,5,91,12,21,528.23,270.34,0
1233,485,308,19,11,1,1,819.01,488.55,0.1
1234,486,308,2,78,6,17,1859.48,869.25,0
1235,487,310,7,18,10,12,113.91,77.26,0.15
1236,487,310,20,18,10,19,67.45,34.35,0
1237,487,310,3,18,10,2,827.18,428.42,0.05
1238,487,310,14,18,10,25,1191.81,616.93,0
1239,488,310,19,76,5,23,819.01,488.55,0.1
1240,489,310,21,58,8,5,39.64,23.36,0
1241,490,311,12,106,10,3,650.29,395.69,0.1
1242,490,311,20,106,10,19,60.04,34.35,0
1243,490,311,18,106,10,22,36.79,20.77,0.1
1244,490,311,6,106,10,18,441.8,202.95,0
1245,491,311,15,75,12,9,1365.66,795.97,0
1246,491,311,2,75,12,2,1859.48,869.25,0.05
1247,492,311,21,60,11,20,43.25,23.36,0.1
1248,492,311,11,60,11,2,583.49,372.45,0
1249,493,312,18,5,5,24,36.79,20.77,0.15
1250,493,312,1,5,5,9,823.52,529.32,0
1251,494,313,14,84,11,3,1191.81,616.93,0.15
1252,494,313,8,84,11,6,188.77,93.64,0
1253,494,313,19,84,11,4,819.01,488.55,0
1254,494,313,9,84,11,12,531.67,339.37,0
1255,495,313,2,118,11,23,1859.48,869.25,0.1
1256,495,313,15,118,11,22,1365.66,795.97,0
1257,496,313,6,29,1,24,441.8,202.95,0.15
1258,496,313,15,29,1,17,1365.66,795.97,0
1259,496,313,14,29,1,10,1191.81,616.93,0.1
1260,496,313,3,29,1,22,790.33,428.42,0
1261,497,313,21,99,9,24,43.25,23.36,0
1262,498,314,7,22,3,18,120.11,77.26,0
1263,498,314,14,22,3,3,1191.81,616.93,0.15
1264,498,314,17,22,3,19,645.6,373.03,0.05
1265,498,314,4,22,3,24,323.12,204.85,0
1266,499,314,4,88,4,7,323.12,204.85,0.05
1267,499,314,16,88,4,18,609.58,350.66,0.05
1268,500,314,15,51,2,18,1365.66,795.97,0
1269,500,314,16,51,2,19,609.58,350.66,0
1270,500,314,1,51,2,7,823.52,529.32,0.05
1271,501,315,10,38,10,16,526.02,303.54,0.15
1272,501,315,4,38,10,15,323.12,204.85,0
1273,502,315,19,6,8,1,748.71,488.55,0.1
1274,502,315,14,6,8,25,1191.81,616.93,0.15
1275,503,315,13,95,11,18,232.76,113.06,0.05
1276,504,316,18,106,12,14,36.79,20.77,0.1
1277,505,316,13,62,4,24,232.76,113.06,0.1
1278,505,316,2,62,4,9,1859.48,869.25,0.05
1279,505,316,9,62,4,8,603.18,339.37,0.15
1280,505,316,11,62,4,6,583.49,372.45,0.05
1281,506,316,7,86,4,13,120.11,77.26,0.15
1282,506,316,2,86,4,25,1859.48,869.25,0
1283,506,316,9,86,4,3,586.79,339.37,0.1
1284,507,316,5,25,3,7,477.89,270.34,0.15
1285,507,316,6,25,3,13,441.8,202.95,0
1286,507,316,21,25,3,18,43.25,23.36,0.05
1287,508,317,17,81,5,2,721.87,373.03,0
1288,509,317,8,52,10,21,188.77,93.64,0
1289,509,317,9,52,10,7,603.18,339.37,0
1290,509,317,11,52,10,25,583.49,372.45,0.15
1291,510,317,12,7,1,7,566.43,395.69,0
1292,510,317,5,7,1,20,528.23,270.34,0.15
1293,510,317,20,7,1,18,67.45,34.35,0.05
1294,511,318,4,76,5,10,295.73,204.85,0
1295,511,318,3,76,5,21,827.18,428.42,0.05
1296,511,318,16,76,5,11,609.58,350.66,0
1297,512,319,4,80,10,4,323.12,204.85,0.1
1298,512,319,6,80,10,5,441.8,202.95,0
1299,513,321,6,41,4,17,441.8,202.95,0.1
1300,513,321,8,41,4,13,188.77,93.64,0.1
1301,513,321,2,41,4,5,1859.48,869.25,0
1302,514,321,5,108,6,5,528.23,270.34,0.1
1303,514,321,13,108,6,1,232.76,113.06,0
1304,514,321,20,108,6,5,67.45,34.35,0
1305,514,321,9,108,6,17,603.18,339.37,0.05
1306,515,321,3,48,2,5,827.18,428.42,0.1
1307,515,321,8,48,2,4,188.77,93.64,0.05
1308,516,321,5,56,4,12,473.39,270.34,0
1309,517,322,15,46,5,7,1365.66,795.97,0.05
1310,517,322,4,46,5,1,323.12,204.85,0.05
1311,517,322,5,46,5,11,528.23,270.34,0.05
1312,518,322,2,104,3,5,1859.48,869.25,0
1313,518,322,4,104,3,5,323.12,204.85,0
1314,519,322,20,9,11,4,67.45,34.35,0
1315,519,322,19,9,11,21,819.01,488.55,0
1316,519,322,18,9,11,13,36.79,20.77,0
1317,520,322,12,85,3,15,650.29,395.69,0.15
1318,520,322,18,85,3,5,34.52,20.77,0
1319,520,322,4,85,3,9,283.99,204.85,0.1
1320,521,323,5,9,6,11,528.23,270.34,0.1
1321,521,323,14,9,6,16,1191.81,616.93,0
1322,522,323,15,49,10,5,1365.66,795.97,0
1323,523,323,18,32,10,15,36.79,20.77,0
1324,523,323,4,32,10,20,284.83,204.85,0.1
1325,524,324,13,86,2,8,232.76,113.06,0
1326,524,324,20,86,2,16,67.45,34.35,0
1327,525,324,18,44,10,8,36.79,20.77,0
1328,525,324,8,44,10,21,188.77,93.64,0
1329,525,324,12,44,10,12,650.29,395.69,0
1330,525,324,3,44,10,21,827.18,428.42,0
1331,526,325,9,87,8,24,603.18,339.37,0
1332,527,326,11,107,4,4,583.49,372.45,0.1
1333,527,326,7,107,4,8,120.11,77.26,0.05
1334,527,326,15,107,4,14,1365.66,795.97,0.15
1335,528,326,12,47,10,12,650.29,395.69,0
1336,528,326,7,47,10,11,120.11,77.26,0.15
1337,528,326,6,47,10,5,441.8,202.95,0
1338,528,326,2,47,10,12,1859.48,869.25,0.15
1339,529,327,12,57,2,22,650.29,395.69,0.15
1340,529,327,15,57,2,13,1365.66,795.97,0
1341,529,327,17,57,2,25,669.22,373.03,0.15
1342,529,327,7,57,2,13,120.11,77.26,0.1
1343,530,327,10,105,8,7,579.74,303.54,0.15
1344,530,327,18,105,8,17,34.46,20.77,0
1345,531,327,7,84,5,8,120.11,77.26,0.1
1346,532,327,12,116,8,24,636.6,395.69,0
1347,533,328,7,114,12,17,120.11,77.26,0.1
1348,534,328,12,108,6,7,650.29,395.69,0.1
1349,535,328,15,109,12,16,1365.66,795.97,0.05
1350,535,328,5,109,12,8,528.23,270.34,0
1351,535,328,1,109,12,3,823.52,529.32,0.1
1352,536,328,8,28,4,12,188.77,93.64,0
1353,537,329,12,104,3,23,556.87,395.69,0.15
1354,537,329,8,104,3,18,161.8,93.64,0
1355,537,329,9,104,3,9,603.18,339.37,0.15
1356,537,329,18,104,3,19,36.79,20.77,0.05
1357,538,329,18,58,2,20,36.79,20.77,0
1358,538,329,4,58,2,3,323.12,204.85,0
1359,538,329,11,58,2,15,583.49,372.45,0
1360,538,329,21,58,2,4,43.25,23.36,0
1361,539,329,12,17,7,21,613.69,395.69,0.15
1362,539,329,13,17,7,4,232.76,113.06,0
1363,540,332,18,95,8,2,36.79,20.77,0
1364,540,332,13,95,8,17,232.76,113.06,0.05
1365,540,332,7,95,8,17,120.11,77.26,0.05
1366,540,332,8,95,8,5,188.77,93.64,0
1367,541,333,8,7,2,5,188.77,93.64,0.05
1368,542,333,6,29,3,11,441.8,202.95,0
1369,542,333,3,29,3,1,706.64,428.42,0
1370,543,333,10,16,6,15,579.74,303.54,0.15
1371,544,334,7,8,8,1,120.11,77.26,0.05
1372,544,334,18,8,8,10,36.79,20.77,0.05
1373,544,334,3,8,8,14,827.18,428.42,0.15
1374,545,334,11,22,6,17,583.49,372.45,0
1375,545,334,20,22,6,20,67.45,34.35,0.05
1376,545,334,14,22,6,6,1191.81,616.93,0
1377,546,334,19,90,10,11,819.01,488.55,0.05
1378,547,334,18,15,10,20,36.79,20.77,0.05
1379,547,334,14,15,10,14,1191.81,616.93,0.15
1380,547,334,5,15,10,16,475.67,270.34,0.05
1381,547,334,11,15,10,25,583.49,372.45,0.1
1382,548,335,12,63,1,1,650.29,395.69,0
1383,548,335,11,63,1,11,583.49,372.45,0
1384,548,335,18,63,1,8,36.79,20.77,0
1385,549,335,1,91,9,4,823.52,529.32,0
1386,549,335,3,91,9,6,803.74,428.42,0.1
1387,549,335,2,91,9,22,1859.48,869.25,0.05
1388,549,335,16,91,9,23,609.58,350.66,0.15
1389,550,335,21,112,7,12,43.25,23.36,0.15
1390,550,335,14,112,7,3,1052.89,616.93,0
1391,550,335,8,112,7,7,188.77,93.64,0
1392,551,335,17,119,9,4,623.47,373.03,0.05
1393,551,335,7,119,9,18,120.11,77.26,0.1
1394,551,335,20,119,9,13,67.45,34.35,0.05
1395,552,337,20,77,7,13,61.02,34.35,0
1396,552,337,18,77,7,15,36.79,20.77,0
1397,552,337,3,77,7,10,827.18,428.42,0
1398,553,337,2,64,11,20,1586.81,869.25,0.05
1399,554,337,15,114,4,2,1365.66,795.97,0.05
1400,554,337,5,114,4,8,528.23,270.34,0.15
1401,555,338,7,99,7,17,120.11,77.26,0
1402,555,338,18,99,7,21,36.79,20.77,0
1403,555,338,16,99,7,8,609.58,350.66,0.05
1404,556,340,8,49,12,3,188.77,93.64,0.15
1405,556,340,18,49,12,19,35.42,20.77,0
1406,556,340,15,49,12,2,1365.66,795.97,0
1407,557,340,8,65,11,13,188.77,93.64,0.05
1408,557,340,5,65,11,8,528.23,270.34,0.1
1409,557,340,15,65,11,1,1365.66,795.97,0.15
1410,558,340,7,106,5,20,120.11,77.26,0.15
1411,558,340,10,106,5,4,579.74,303.54,0.05
1412,558,340,13,106,5,6,232.76,113.06,0.05
1413,559,342,19,56,11,15,787.48,488.55,0.05
1414,560,342,4,13,6,9,323.12,204.85,0.05
1415,560,342,17,13,6,18,667.26,373.03,0
1416,560,342,5,13,6,18,528.23,270.34,0.05
1417,560,342,16,13,6,17,609.58,350.66,0
1418,561,343,3,109,8,20,827.18,428.42,0
1419,561,343,2,109,8,5,1859.48,869.25,0
1420,561,343,18,109,8,22,36.79,20.77,0.1
1421,562,346,17,14,2,5,721.87,373.03,0.1
1422,562,346,4,14,2,7,293.9,204.85,0.1
1423,562,346,5,14,2,21,528.23,270.34,0.1
1424,562,346,2,14,2,1,1859.48,869.25,0
1425,563,346,19,86,4,12,819.01,488.55,0
1426,563,346,2,86,4,17,1792.22,869.25,0
1427,563,346,14,86,4,5,1191.81,616.93,0.05
1428,564,346,15,85,10,6,1365.66,795.97,0
1429,565,346,2,7,8,4,1734.04,869.25,0
1430,565,346,12,7,8,21,650.29,395.69,0
1431,565,346,19,7,8,22,819.01,488.55,0
1432,565,346,7,7,8,13,116.17,77.26,0
1433,566,347,11,31,3,7,500.22,372.45,0
1434,566,347,4,31,3,15,323.12,204.85,0.15
1435,567,348,8,51,2,19,184.7,93.64,0
1436,568,348,2,74,5,23,1859.48,869.25,0.05
1437,568,348,13,74,5,13,232.76,113.06,0.05
1438,569,348,19,49,9,22,754.51,488.55,0
1439,569,348,6,49,9,25,441.8,202.95,0
1440,570,349,12,11,4,13,578.67,395.69,0
1441,571,349,20,81,11,8,58.01,34.35,0
1442,571,349,3,81,11,1,827.18,428.42,0
1443,571,349,19,81,11,14,819.01,488.55,0.05
1444,571,349,8,81,11,10,188.77,93.64,0
1445,572,349,2,113,1,20,1859.48,869.25,0
1446,572,349,19,113,1,15,819.01,488.55,0.15
1447,573,350,15,35,9,21,1294.95,795.97,0.1
1448,573,350,1,35,9,1,788.12,529.32,0.1
1449,573,350,11,35,9,14,583.49,372.45,0.1
1450,574,350,20,67,3,20,58.69,34.35,0.05
1451,574,350,5,67,3,19,498.02,270.34,0.1
1452,575,350,6,37,1,9,441.8,202.95,0
1453,576,350,13,119,3,2,232.76,113.06,0.05
1454,577,351,19,28,8,4,777.14,488.55,0.05
1455,577,351,2,28,8,22,1623.09,869.25,0
1456,578,351,3,110,7,17,738.12,428.42,0
1457,578,351,14,110,7,2,1191.81,616.93,0.05
1458,578,351,9,110,7,20,603.18,339.37,0.15
1459,579,351,7,53,3,25,120.11,77.26,0
1460,579,351,18,53,3,21,36.79,20.77,0
1461,579,351,16,53,3,7,609.58,350.66,0
1462,579,351,2,53,3,2,1696.48,869.25,0.15
1463,580,352,12,82,1,19,583.68,395.69,0.05
1464,580,352,17,82,1,9,721.87,373.03,0
1465,580,352,16,82,1,19,609.58,350.66,0.05
1466,581,353,9,95,12,25,603.18,339.37,0
1467,581,353,13,95,12,7,232.76,113.06,0
1468,581,353,17,95,12,18,721.87,373.03,0
1469,582,353,10,66,10,22,579.74,303.54,0
1470,583,354,1,18,2,13,823.52,529.32,0
1471,583,354,10,18,2,25,518.08,303.54,0.05
1472,583,354,14,18,2,18,1048.06,616.93,0.05
1473,583,354,21,18,2,23,43.25,23.36,0.1
1474,584,354,6,112,1,18,441.8,202.95,0
1475,584,354,10,112,1,2,579.74,303.54,0.15
1476,584,354,11,112,1,9,504.04,372.45,0
1477,584,354,9,112,1,14,603.18,339.37,0
1478,585,356,5,99,4,15,528.23,270.34,0
1479,585,356,16,99,4,12,609.58,350.66,0
1480,585,356,13,99,4,15,232.76,113.06,0.15
1481,585,356,4,99,4,24,323.12,204.85,0
1482,586,357,21,110,4,13,43.25,23.36,0
1483,586,357,13,110,4,25,232.76,113.06,0.1
1484,586,357,9,110,4,4,568.3,339.37,0
1485,586,357,14,110,4,5,1191.81,616.93,0
1486,587,357,18,14,12,19,36.79,20.77,0.15
1487,587,357,6,14,12,25,441.8,202.95,0.15
1488,587,357,14,14,12,15,1191.81,616.93,0
1489,588,357,10,25,10,16,579.74,303.54,0.05
1490,589,358,8,91,7,25,188.77,93.64,0
1491,589,358,10,91,7,24,579.74,303.54,0
1492,589,358,6,91,7,14,441.8,202.95,0
1493,589,358,15,91,7,8,1365.66,795.97,0
1494,590,358,2,23,7,8,1859.48,869.25,0
1495,590,358,14,23,7,10,1191.81,616.93,0
1496,590,358,6,23,7,1,441.8,202.95,0
1497,591,358,1,117,7,19,823.52,529.32,0.15
1498,591,358,7,117,7,11,120.11,77.26,0
1499,591,358,4,117,7,11,323.12,204.85,0.05
1500,591,358,9,117,7,11,603.18,339.37,0
1501,592,358,13,42,11,13,232.76,113.06,0
1502,593,359,9,50,2,1,561.57,339.37,0.1
1503,593,359,2,50,2,10,1859.48,869.25,0.1
1504,593,359,17,50,2,14,721.87,373.03,0
1505,593,359,21,50,2,1,43.25,23.36,0.05
1506,594,360,18,8,5,7,36.79,20.77,0
1507,594,360,17,8,5,20,721.87,373.03,0
1508,595,360,1,2,11,7,823.52,529.32,0
1509,596,362,20,18,7,7,67.45,34.35,0
1510,596,362,13,18,7,23,232.76,113.06,0
1511,596,362,3,18,7,13,712.42,428.42,0.15
1512,596,362,12,18,7,21,650.29,395.69,0
1513,597,362,12,25,8,23,650.29,395.69,0.05
1514,597,362,16,25,8,4,609.58,350.66,0
1515,597,362,17,25,8,22,662.9,373.03,0
1516,598,362,15,88,8,4,1207.66,795.97,0.05
1517,599,362,13,70,11,22,207.06,113.06,0.05
1518,599,362,11,70,11,16,583.49,372.45,0.15
1519,599,362,5,70,11,1,500.79,270.34,0.1
1520,599,362,4,70,11,5,323.12,204.85,0.05
1521,600,363,12,56,8,19,650.29,395.69,0
1522,600,363,11,56,8,18,583.49,372.45,0.05
1523,600,363,21,56,8,21,43.25,23.36,0
1524,600,363,5,56,8,12,455.3,270.34,0
1525,601,363,2,103,10,19,1859.48,869.25,0
1526,601,363,12,103,10,5,561.7,395.69,0.15
1527,601,363,10,103,10,20,579.74,303.54,0.05
1528,601,363,7,103,10,13,120.11,77.26,0
1529,602,363,1,28,6,23,823.52,529.32,0
1530,602,363,13,28,6,10,232.76,113.06,0
1531,602,363,21,28,6,18,43.25,23.36,0
1532,602,363,3,28,6,1,827.18,428.42,0.1
1533,603,363,10,101,4,14,579.74,303.54,0.1
1534,603,363,3,101,4,13,827.18,428.42,0.05
1535,603,363,15,101,4,24,1365.66,795.97,0
1536,603,363,4,101,4,22,276.71,204.85,0
1537,604,365,13,64,12,24,219.53,113.06,0.05
1538,604,365,6,64,12,8,441.8,202.95,0.1
1539,604,365,18,64,12,3,36.79,20.77,0
1540,605,365,13,78,3,10,232.76,113.06,0
1541,606,365,13,33,7,7,232.76,113.06,0.05
1542,606,365,2,33,7,15,1859.48,869.25,0
1543,606,365,16,33,7,20,535.96,350.66,0
1544,607,366,10,14,3,10,579.74,303.54,0
1545,607,366,15,14,3,9,1365.66,795.97,0
1546,607,366,9,14,3,8,603.18,339.37,0.1
1547,608,367,9,24,12,13,603.18,339.37,0
1548,608,367,16,24,12,3,609.58,350.66,0.1
1549,609,367,3,81,7,19,827.18,428.42,0.15
1550,609,367,16,81,7,18,609.58,350.66,0
1551,609,367,2,81,7,4,1859.48,869.25,0.15
1552,609,367,10,81,7,16,579.74,303.54,0
1553,610,367,5,71,3,11,528.23,270.34,0.15
1554,610,367,10,71,3,8,579.74,303.54,0.05
1555,610,367,12,71,3,2,650.29,395.69,0.1
1556,610,367,14,71,3,5,1191.81,616.93,0
1557,611,368,15,104,7,2,1365.66,795.97,0
1558,611,368,19,104,7,24,819.01,488.55,0
1559,612,368,12,63,8,25,599.55,395.69,0.15
1560,612,368,2,63,8,23,1859.48,869.25,0.1
1561,612,368,16,63,8,19,609.58,350.66,0
1562,613,369,10,79,6,11,579.74,303.54,0.05
1563,614,369,3,73,11,12,827.18,428.42,0
1564,615,369,5,44,5,9,498.68,270.34,0
1565,615,369,12,44,5,12,650.29,395.69,0
1566,615,369,19,44,5,23,819.01,488.55,0
1567,615,369,10,44,5,3,579.74,303.54,0
1568,616,370,2,82,9,13,1744.47,869.25,0
1569,617,370,5,98,7,19,528.23,270.34,0.1
1570,618,370,15,7,10,22,1235.74,795.97,0.15
1571,618,370,10,7,10,17,579.74,303.54,0
1572,618,370,6,7,10,2,441.8,202.95,0
1573,619,371,3,51,7,12,827.18,428.42,0
1574,619,371,2,51,7,12,1859.48,869.25,0.15
1575,620,371,14,34,12,14,1191.81,616.93,0
1576,620,371,2,34,12,5,1859.48,869.25,0
1577,620,371,13,34,12,14,232.76,113.06,0.05
1578,620,371,5,34,12,17,528.23,270.34,0
1579,621,371,4,27,3,22,323.12,204.85,0.05
1580,621,371,6,27,3,19,425.94,202.95,0
1581,621,371,2,27,3,19,1859.48,869.25,0
1582,621,371,21,27,3,18,43.25,23.36,0.15
1583,622,372,1,31,2,4,723.0,529.32,0.15
1584,623,372,14,61,5,5,1191.81,616.93,0.1
1585,624,372,10,12,1,6,579.74,303.54,0
1586,624,372,12,12,1,5,650.29,395.69,0.15
1587,625,375,21,11,2,12,40.21,23.36,0
1588,626,375,2,50,6,19,1859.48,869.25,0.1
1589,626,375,9,50,6,1,603.18,339.37,0.05
1590,626,375,13,50,6,19,198.47,113.06,0
1591,626,375,1,50,6,1,823.52,529.32,0
1592,627,375,19,115,7,9,819.01,488.55,0
1593,628,375,5,26,4,2,528.23,270.34,0.1
1594,628,375,17,26,4,18,721.87,373.03,0.1
1595,629,376,6,66,9,7,428.17,202.95,0
1596,629,376,1,66,9,18,823.52,529.32,0.1
1597,629,376,9,66,9,23,603.18,339.37,0
1598,630,376,7,70,3,25,120.11,77.26,0
1599,630,376,13,70,3,25,232.76,113.06,0.15
1600,630,376,16,70,3,22,609.58,350.66,0.15
1601,630,376,2,70,3,11,1859.48,869.25,0.15
1602,631,377,18,41,3,7,36.79,20.77,0.05
1603,631,377,12,41,3,3,650.29,395.69,0
1604,631,377,2,41,3,11,1859.48,869.25,0
1605,631,377,8,41,3,2,188.77,93.64,0.05
1606,632,377,7,97,1,21,120.11,77.26,0.05
1607,632,377,4,97,1,2,323.12,204.85,0.05
1608,632,377,17,97,1,25,721.87,373.03,0
1609,632,377,19,97,1,15,819.01,488.55,0.05
1610,633,377,5,113,8,12,528.23,270.34,0.05
1611,633,377,2,113,8,1,1859.48,869.25,0.1
1612,633,377,18,113,8,5,36.79,20.77,0.05
1613,633,377,13,113,8,19,232.76,113.06,0.1
1614,634,378,15,113,7,17,1365.66,795.97,0
1615,634,378,3,113,7,16,827.18,428.42,0.05
1616,634,378,14,113,7,10,1191.81,616.93,0.1
1617,634,378,7,113,7,2,120.11,77.26,0
1618,635,378,20,112,10,25,67.45,34.35,0
1619,635,378,11,112,10,24,583.49,372.45,0.15
1620,636,379,13,27,7,17,232.76,113.06,0
1621,637,379,20,112,11,18,67.45,34.35,0
1622,637,379,1,112,11,16,759.14,529.32,0
1623,637,379,7,112,11,23,120.11,77.26,0
1624,638,379,3,71,3,25,739.84,428.42,0.15
1625,638,379,2,71,3,2,1859.48,869.25,0
1626,639,379,17,55,3,22,690.54,373.03,0
1627,640,380,5,95,9,13,505.64,270.34,0
1628,640,380,17,95,9,8,663.69,373.03,0
1629,640,380,2,95,9,15,1859.48,869.25,0
1630,641,381,11,107,11,11,583.49,372.45,0
1631,641,381,21,107,11,8,43.25,23.36,0.05
1632,641,381,3,107,11,17,827.18,428.42,0.1
1633,641,381,12,107,11,10,650.29,395.69,0.15
1634,642,381,9,27,6,21,603.18,339.37,0
1635,642,381,12,27,6,13,650.29,395.69,0
1636,642,381,1,27,6,9,806.24,529.32,0
1637,642,381,13,27,6,20,232.76,113.06,0
1638,643,382,5,114,6,6,528.23,270.34,0.15
1639,643,382,19,114,6,2,819.01,488.55,0
1640,644,382,12,109,11,17,650.29,395.69,0.15
1641,644,382,3,109,11,17,827.18,428.42,0.15
1642,644,382,1,109,11,10,823.52,529.32,0
1643,644,382,13,109,11,3,232.76,113.06,0
1644,645,382,20,57,7,19,67.45,34.35,0.05
1645,645,382,18,57,7,2,36.79,20.77,0
1646,646,382,8,12,4,20,188.77,93.64,0.1
1647,646,382,9,12,4,21,603.18,339.37,0
1648,646,382,16,12,4,14,609.58,350.66,0
1649,647,383,19,79,10,18,819.01,488.55,0.15
1650,647,383,6,79,10,9,441.8,202.95,0
1651,648,383,15,112,12,4,1365.66,795.97,0
1652,648,383,11,112,12,8,583.49,372.45,0
1653,649,384,18,94,12,17,33.28,20.77,0.1
1654,649,384,9,94,12,10,603.18,339.37,0.05
1655,649,384,1,94,12,23,800.85,529.32,0.1
1656,649,384,17,94,12,4,721.87,373.03,0.05
1657,650,384,21,58,6,9,43.25,23.36,0
1658,650,384,5,58,6,15,528.23,270.34,0
1659,651,384,4,28,9,21,323.12,204.85,0
1660,651,384,3,28,9,17,827.18,428.42,0.15
1661,651,384,7,28,9,22,120.11,77.26,0
1662,651,384,5,28,9,18,458.96,270.34,0
1663,652,384,13,82,11,25,232.76,113.06,0
1664,652,384,14,82,11,7,1191.81,616.93,0.1
1665,653,385,11,50,3,5,557.37,372.45,0
1666,653,385,18,50,3,10,36.79,20.77,0.15
1667,653,385,2,50,3,3,1859.48,869.25,0
1668,654,385,11,110,3,13,583.49,372.45,0.05
1669,654,385,1,110,3,2,823.52,529.32,0.05
1670,654,385,19,110,3,24,819.01,488.55,0.1
1671,654,385,3,110,3,3,710.85,428.42,0.1
1672,655,385,4,79,6,23,311.06,204.85,0.15
1673,656,385,13,62,6,10,232.76,113.06,0.1
1674,656,385,12,62,6,16,650.29,395.69,0.05
1675,656,385,7,62,6,6,120.11,77.26,0.1
1676,657,386,18,100,10,16,36.79,20.77,0
1677,657,386,10,100,10,18,493.76,303.54,0
1678,657,386,19,100,10,10,819.01,488.55,0
1679,658,386,13,50,3,16,232.76,113.06,0
1680,658,386,18,50,3,1,36.79,20.77,0
1681,658,386,3,50,3,20,827.18,428.42,0
1682,658,386,17,50,3,14,721.87,373.03,0
1683,659,387,4,24,6,2,292.44,204.85,0.15
1684,659,387,21,24,6,15,43.25,23.36,0.15
1685,659,387,6,24,6,22,441.8,202.95,0.1
1686,660,387,15,37,7,23,1365.66,795.97,0.05
1687,660,387,17,37,7,3,721.87,373.03,0.1
1688,660,387,10,37,7,20,579.74,303.54,0.05
1689,661,388,3,101,7,20,827.18,428.42,0
1690,661,388,9,101,7,15,603.18,339.37,0.05
1691,661,388,2,101,7,24,1859.48,869.25,0.1
1692,661,388,12,101,7,16,650.29,395.69,0
1693,662,388,21,107,4,4,43.25,23.36,0
1694,662,388,7,107,4,3,120.11,77.26,0.05
1695,663,388,4,99,11,16,323.12,204.85,0.15
1696,663,388,6,99,11,19,405.04,202.95,0
1697,663,388,18,99,11,19,36.79,20.77,0.1
1698,663,388,2,99,11,4,1859.48,869.25,0.05
1699,664,389,2,42,2,15,1859.48,869.25,0
1700,664,389,4,42,2,4,323.12,204.85,0
1701,664,389,13,42,2,7,232.76,113.06,0
1702,665,389,1,79,12,5,823.52,529.32,0
1703,665,389,21,79,12,10,43.25,23.36,0.1
1704,665,389,6,79,12,6,441.8,202.95,0.1
1705,665,389,9,79,12,8,603.18,339.37,0.1
1706,666,390,14,24,11,25,1191.81,616.93,0
1707,667,390,1,88,11,9,823.52,529.32,0.1
1708,667,390,6,88,11,5,441.8,202.95,0.1
1709,667,390,16,88,11,4,609.58,350.66,0
1710,667,390,14,88,11,10,1191.81,616.93,0
1711,668,390,18,66,7,23,36.79,20.77,0
1712,668,390,2,66,7,21,1859.48,869.25,0
1713,669,392,12,70,4,3,650.29,395.69,0.15
1714,669,392,1,70,4,3,823.52,529.32,0.15
1715,670,392,15,28,7,2,1365.66,795.97,0.1
1716,670,392,3,28,7,12,738.12,428.42,0.1
1717,671,392,5,106,2,20,528.23,270.34,0.1
1718,671,392,13,106,2,19,218.34,113.06,0.1
1719,671,392,15,106,2,23,1365.66,795.97,0.05
1720,671,392,12,106,2,23,618.63,395.69,0
1721,672,393,5,54,8,18,453.81,270.34,0
1722,672,393,4,54,8,7,323.12,204.85,0.15
1723,672,393,21,54,8,8,43.25,23.36,0.1
1724,673,394,12,50,11,7,650.29,395.69,0
1725,673,394,16,50,11,20,577.64,350.66,0
1726,673,394,9,50,11,22,603.18,339.37,0
1727,673,394,4,50,11,22,323.12,204.85,0.1
1728,674,394,21,94,7,1,37.44,23.36,0
1729,675,394,12,103,10,18,650.29,395.69,0
1730,675,394,17,103,10,14,721.87,373.03,0.05
1731,676,394,5,75,12,11,480.48,270.34,0.05
1732,677,395,8,54,8,4,162.07,93.64,0.05
1733,678,395,14,44,6,21,1066.48,616.93,0
1734,678,395,5,44,6,18,474.01,270.34,0.05
1735,678,395,19,44,6,6,819.01,488.55,0
1736,679,395,16,49,6,8,577.23,350.66,0
1737,679,395,6,49,6,1,441.8,202.95,0.05
1738,679,395,4,49,6,23,323.12,204.85,0
1739,680,395,10,52,6,5,579.74,303.54,0.15
1740,681,396,8,13,5,20,188.77,93.64,0
1741,681,396,21,13,5,17,43.25,23.36,0
1742,681,396,1,13,5,14,740.05,529.32,0
1743,682,396,6,1,1,4,441.8,202.95,0.1
1744,682,396,13,1,1,17,232.76,113.06,0
1745,682,396,5,1,1,6,528.23,270.34,0.05
1746,682,396,20,1,1,12,67.45,34.35,0
1747,683,396,5,18,8,25,528.23,270.34,0
1748,683,396,18,18,8,10,35.21,20.77,0.15
1749,683,396,11,18,8,11,583.49,372.45,0.1
1750,684,396,18,120,4,10,36.79,20.77,0.15
1751,685,399,18,89,6,19,36.79,20.77,0.15
1752,686,399,20,118,2,11,64.74,34.35,0
1753,687,400,7,72,10,23,120.11,77.26,0.05
1754,687,400,19,72,10,1,819.01,488.55,0.1
1755,687,400,17,72,10,3,721.87,373.03,0
1756,687,400,18,72,10,7,36.79,20.77,0
1757,688,400,9,16,2,24,603.18,339.37,0
1758,688,400,17,16,2,8,676.61,373.03,0
1759,688,400,16,16,2,2,609.58,350.66,0.1
1760,688,400,19,16,2,18,819.01,488.55,0.15
1761,689,400,11,37,3,13,583.49,372.45,0.15
1762,689,400,19,37,3,8,819.01,488.55,0
1763,689,400,13,37,3,24,232.76,113.06,0.1
1764,689,400,9,37,3,10,603.18,339.37,0
1765,690,400,8,92,5,1,188.77,93.64,0
1766,690,400,6,92,5,10,441.8,202.95,0
1767,690,400,21,92,5,9,43.25,23.36,0.05
1768,691,401,6,85,3,11,441.8,202.95,0.1
1769,692,402,11,88,6,18,583.49,372.45,0
1770,692,402,6,88,6,7,424.4,202.95,0.05
1771,693,402,18,70,1,2,36.79,20.77,0.05
1772,693,402,12,70,1,12,650.29,395.69,0
1773,693,402,7,70,1,23,120.11,77.26,0
1774,694,402,13,17,6,10,202.82,113.06,0
1775,694,402,3,17,6,8,827.18,428.42,0.1
1776,694,402,1,17,6,3,702.23,529.32,0.15
1777,694,402,5,17,6,16,528.23,270.34,0.15
1778,695,402,11,48,5,23,583.49,372.45,0.15
1779,695,402,20,48,5,18,67.45,34.35,0.15
1780,696,403,2,100,6,22,1859.48,869.25,0
1781,697,403,12,70,1,21,650.29,395.69,0
1782,697,403,10,70,1,1,579.74,303.54,0.1
1783,697,403,3,70,1,5,803.08,428.42,0
1784,697,403,11,70,1,8,527.08,372.45,0
1785,698,404,17,65,9,16,673.58,373.03,0.1
1786,699,405,18,89,10,11,36.79,20.77,0.15
1787,699,405,7,89,10,7,111.32,77.26,0.1
1788,700,406,2,117,10,9,1859.48,869.25,0
1789,700,406,5,117,10,3,528.23,270.34,0
1790,700,406,7,117,10,11,120.11,77.26,0.1
1791,700,406,15,117,10,3,1365.66,795.97,0.05
1792,701,406,17,113,9,8,721.87,373.03,0.1
1793,701,406,1,113,9,25,778.33,529.32,0.15
1794,702,406,12,116,9,19,650.29,395.69,0.1
1795,702,406,13,116,9,14,232.76,113.06,0
1796,702,406,8,116,9,14,160.99,93.64,0
1797,703,406,15,28,12,23,1365.66,795.97,0.1
1798,704,407,16,100,8,17,609.58,350.66,0
1799,705,407,11,61,3,20,583.49,372.45,0.05
1800,706,407,9,61,8,11,603.18,339.37,0.05
1801,707,408,20,118,9,17,67.45,34.35,0
1802,707,408,13,118,9,2,232.76,113.06,0.15
1803,707,408,8,118,9,10,188.77,93.64,0.05
1804,708,409,15,7,6,12,1365.66,795.97,0
1805,708,409,8,7,6,3,188.77,93.64,0.15
1806,709,409,5,101,4,6,528.23,270.34,0
1807,709,409,16,101,4,21,557.61,350.66,0.1
1808,709,409,18,101,4,10,33.45,20.77,0.05
1809,709,409,11,101,4,16,569.77,372.45,0.05
1810,710,410,18,54,4,12,36.79,20.77,0
1811,710,410,10,54,4,24,579.74,303.54,0.05
1812,711,410,13,1,12,25,227.74,113.06,0
1813,712,410,17,107,2,12,721.87,373.03,0.05
1814,712,410,21,107,2,11,43.25,23.36,0.15
1815,713,411,5,83,5,22,528.23,270.34,0.15
1816,714,411,8,112,10,20,188.77,93.64,0.05
1817,715,411,7,11,8,13,116.33,77.26,0
1818,716,412,9,74,1,4,603.18,339.37,0
1819,717,412,20,11,5,13,67.45,34.35,0
1820,717,412,11,11,5,17,583.49,372.45,0
1821,717,412,8,11,5,11,188.77,93.64,0
1822,717,412,4,11,5,25,323.12,204.85,0
1823,718,413,15,96,6,7,1365.66,795.97,0.05
1824,718,413,3,96,6,24,827.18,428.42,0.15
1825,718,413,13,96,6,22,232.76,113.06,0.15
1826,718,413,10,96,6,8,520.97,303.54,0
1827,719,413,12,87,3,19,581.31,395.69,0
1828,720,413,14,53,8,12,1073.35,616.93,0.15
1829,721,414,1,120,4,23,734.41,529.32,0
1830,721,414,7,120,4,24,120.11,77.26,0.1
1831,722,415,2,70,2,24,1859.48,869.25,0
1832,722,415,13,70,2,3,232.76,113.06,0
1833,722,415,17,70,2,16,721.87,373.03,0
1834,723,416,14,24,2,23,1191.81,616.93,0
1835,723,416,10,24,2,18,509.32,303.54,0
1836,723,416,21,24,2,24,43.25,23.36,0.1
1837,724,418,11,67,12,21,583.49,372.45,0.05
1838,724,418,10,67,12,7,579.74,303.54,0.15
1839,724,418,5,67,12,10,484.67,270.34,0.15
1840,724,418,15,67,12,15,1365.66,795.97,0.1
1841,725,418,14,2,7,14,1191.81,616.93,0.15
1842,725,418,3,2,7,14,827.18,428.42,0.1
1843,726,418,16,83,11,3,609.58,350.66,0
1844,726,418,21,83,11,21,43.25,23.36,0.15
1845,726,418,14,83,11,17,1191.81,616.93,0.1
1846,727,418,18,108,4,18,36.79,20.77,0
1847,727,418,6,108,4,11,408.02,202.95,0
1848,727,418,19,108,4,22,819.01,488.55,0.05
1849,728,419,3,59,8,18,769.93,428.42,0.1
1850,728,419,18,59,8,6,36.79,20.77,0
1851,728,419,8,59,8,21,188.77,93.64,0.1
1852,728,419,21,59,8,18,43.25,23.36,0
1853,729,419,6,67,12,13,441.8,202.95,0
1854,729,419,14,67,12,24,1138.7,616.93,0.1
1855,729,419,21,67,12,7,43.25,23.36,0.15
1856,730,419,12,22,9,21,650.29,395.69,0.05
1857,730,419,1,22,9,12,823.52,529.32,0.15
1858,730,419,15,22,9,13,1265.68,795.97,0.15
1859,730,419,13,22,9,12,217.9,113.06,0
1860,731,419,1,76,9,6,823.52,529.32,0.05
1861,731,419,5,76,9,14,528.23,270.34,0
1862,731,419,13,76,9,13,232.76,113.06,0.1
1863,732,420,15,93,2,13,1365.66,795.97,0
1864,732,420,14,93,2,2,1191.81,616.93,0
1865,732,420,9,93,2,20,577.1,339.37,0
1866,732,420,18,93,2,25,35.91,20.77,0.1
1867,733,420,20,74,6,8,67.45,34.35,0
1868,733,420,2,74,6,5,1614.56,869.25,0
1869,733,420,4,74,6,12,323.12,204.85,0
1870,734,421,20,86,9,11,67.45,34.35,0
1871,734,421,6,86,9,24,441.8,202.95,0
1872,735,422,2,67,10,7,1859.48,869.25,0.15
1873,735,422,17,67,10,4,632.09,373.03,0.1
1874,736,422,14,119,5,21,1191.81,616.93,0
1875,736,422,4,119,5,5,323.12,204.85,0
1876,736,422,8,119,5,21,188.77,93.64,0
1877,737,423,5,16,6,16,513.49,270.34,0.1
1878,737,423,2,16,6,4,1738.65,869.25,0
1879,737,423,18,16,6,16,36.79,20.77,0.05
1880,737,423,10,16,6,8,579.74,303.54,0
1881,738,423,14,92,4,17,1058.02,616.93,0.05
1882,738,423,15,92,4,6,1308.22,795.97,0
1883,738,423,20,92,4,2,67.45,34.35,0
1884,738,423,8,92,4,18,188.77,93.64,0.05
1885,739,423,15,89,2,24,1365.66,795.97,0
1886,739,423,21,89,2,3,43.25,23.36,0
1887,740,423,8,6,2,22,188.77,93.64,0.15
1888,740,423,5,6,2,12,482.59,270.34,0
1889,741,424,12,107,5,10,650.29,395.69,0.05
1890,742,425,4,7,10,16,323.12,204.85,0.15
1891,742,425,2,7,10,16,1859.48,869.25,0.05
1892,743,425,11,82,12,14,583.49,372.45,0.15
1893,744,426,12,92,5,5,650.29,395.69,0
1894,744,426,15,92,5,6,1365.66,795.97,0.05
1895,745,426,6,90,4,20,441.8,202.95,0
1896,745,426,4,90,4,20,323.12,204.85,0.1
1897,746,427,16,73,4,12,609.58,350.66,0.1
1898,746,427,18,73,4,14,34.54,20.77,0.05
1899,746,427,3,73,4,21,787.23,428.42,0.15
1900,747,427,3,42,1,10,827.18,428.42,0.1
1901,747,427,17,42,1,20,721.87,373.03,0
1902,748,427,4,30,2,19,312.56,204.85,0.15
1903,748,427,2,30,2,10,1748.58,869.25,0.1
1904,748,427,3,30,2,17,827.18,428.42,0
1905,749,428,12,74,10,24,650.29,395.69,0
1906,749,428,10,74,10,12,579.74,303.54,0
1907,749,428,15,74,10,1,1365.66,795.97,0
1908,749,428,9,74,10,5,603.18,339.37,0.05
1909,750,428,17,3,1,13,721.87,373.03,0
1910,750,428,20,3,1,2,58.92,34.35,0
1911,751,429,7,101,5,8,120.11,77.26,0
1912,751,429,5,101,5,15,528.23,270.34,0.15
1913,752,429,13,100,5,20,217.07,113.06,0
1914,752,429,17,100,5,1,721.87,373.03,0.15
1915,752,429,15,100,5,23,1365.66,795.97,0
1916,753,429,8,34,5,12,161.87,93.64,0
1917,753,429,9,34,5,23,603.18,339.37,0.15
1918,754,429,11,107,4,6,583.49,372.45,0.15
1919,754,429,9,107,4,9,603.18,339.37,0
1920,755,431,15,82,9,16,1365.66,795.97,0.1
1921,756,432,2,54,5,19,1859.48,869.25,0
1922,756,432,17,54,5,21,721.87,373.03,0.15
1923,756,432,5,54,5,25,528.23,270.34,0
1924,757,433,3,49,10,6,827.18,428.42,0.1
1925,758,434,12,36,2,5,650.29,395.69,0
1926,758,434,1,36,2,10,823.52,529.32,0
1927,758,434,21,36,2,19,43.25,23.36,0.15
1928,758,434,14,36,2,6,1191.81,616.93,0
1929,759,434,15,54,7,8,1311.62,795.97,0.05
1930,759,434,16,54,7,6,609.58,350.66,0.15
1931,760,434,14,23,4,1,1191.81,616.93,0
1932,760,434,11,23,4,1,583.49,372.45,0
1933,761,435,11,26,9,15,583.49,372.45,0
1934,761,435,19,26,9,23,819.01,488.55,0.05
1935,762,436,15,34,3,20,1365.66,795.97,0
1936,762,436,21,34,3,7,43.25,23.36,0.1
1937,762,436,1,34,3,3,793.51,529.32,0
1938,763,436,8,32,8,10,169.87,93.64,0.05
1939,763,436,14,32,8,21,1191.81,616.93,0.15
1940,764,436,17,55,10,14,721.87,373.03,0.1
1941,764,436,8,55,10,12,188.77,93.64,0
1942,765,437,15,112,3,12,1365.66,795.97,0.1
1943,765,437,18,112,3,18,36.79,20.77,0
1944,765,437,11,112,3,7,583.49,372.45,0
1945,765,437,9,112,3,21,603.18,339.37,0
1946,766,437,12,98,9,19,650.29,395.69,0
1947,766,437,15,98,9,4,1365.66,795.97,0.15
1948,766,437,21,98,9,24,43.25,23.36,0.05
1949,766,437,13,98,9,16,232.76,113.06,0
1950,767,437,5,61,1,9,528.23,270.34,0
1951,767,437,7,61,1,20,114.31,77.26,0
1952,767,437,16,61,1,17,609.58,350.66,0
1953,767,437,1,61,1,4,823.52,529.32,0
1954,768,440,14,45,10,25,1191.81,616.93,0
1955,768,440,2,45,10,18,1859.48,869.25,0
1956,768,440,12,45,10,13,580.63,395.69,0
1957,769,442,21,77,11,8,43.25,23.36,0
1958,770,442,6,20,9,21,441.8,202.95,0
1959,771,442,1,118,5,6,714.62,529.32,0
1960,771,442,3,118,5,15,827.18,428.42,0
1961,771,442,10,118,5,4,579.74,303.54,0.05
1962,771,442,17,118,5,2,721.87,373.03,0
1963,772,444,3,65,12,14,786.92,428.42,0.15
1964,772,444,17,65,12,15,721.87,373.03,0
1965,773,444,11,50,9,12,583.49,372.45,0.05
1966,773,444,7,50,9,16,103.1,77.26,0
1967,773,444,16,50,9,20,572.88,350.66,0
1968,773,444,18,50,9,7,36.79,20.77,0.05
1969,774,444,16,101,5,3,609.58,350.66,0.05
1970,775,444,17,90,10,11,721.87,373.03,0
1971,775,444,3,90,10,15,827.18,428.42,0.05
1972,776,445,17,98,11,16,721.87,373.03,0
1973,776,445,14,98,11,16,1191.81,616.93,0
1974,776,445,21,98,11,11,43.25,23.36,0.05
1975,776,445,8,98,11,9,188.77,93.64,0
1976,777,445,11,25,3,2,583.49,372.45,0
1977,778,445,9,102,7,20,603.18,339.37,0
1978,778,445,6,102,7,1,441.8,202.95,0
1979,779,446,6,16,8,11,441.8,202.95,0.1
1980,779,446,12,16,8,18,650.29,395.69,0
1981,780,447,15,19,6,6,1365.66,795.97,0.1
1982,780,447,19,19,6,9,720.14,488.55,0
1983,781,447,5,107,6,11,528.23,270.34,0.15
1984,781,447,6,107,6,21,441.8,202.95,0.05
1985,782,447,6,12,4,25,441.8,202.95,0
1986,782,447,8,12,4,11,188.77,93.64,0.15
1987,782,447,10,12,4,25,579.74,303.54,0
1988,783,447,19,21,4,7,819.01,488.55,0.1
1989,783,447,20,21,4,16,67.45,34.35,0.15
1990,784,448,1,44,3,15,823.52,529.32,0
1991,784,448,7,44,3,18,102.63,77.26,0.1
1992,784,448,17,44,3,2,721.87,373.03,0
1993,784,448,19,44,3,5,819.01,488.55,0.1
1994,785,448,4,116,8,7,323.12,204.85,0
1995,785,448,3,116,8,9,827.18,428.42,0.1
1996,785,448,6,116,8,20,441.8,202.95,0.15
1997,786,448,14,15,7,25,1138.55,616.93,0.05
1998,786,448,10,15,7,22,579.74,303.54,0
1999,786,448,1,15,7,22,823.52,529.32,0
2000,787,449,4,29,3,4,323.12,204.85,0.15
2001,788,449,7,3,6,13,120.11,77.26,0
2002,788,449,15,3,6,24,1365.66,795.97,0
2003,788,449,13,3,6,16,232.76,113.06,0.1
2004,789,449,5,82,10,1,528.23,270.34,0
2005,789,449,9,82,10,22,555.88,339.37,0
2006,789,449,13,82,10,23,232.76,113.06,0
2007,790,450,3,79,10,14,764.07,428.42,0
2008,791,451,5,111,5,24,528.23,270.34,0
2009,791,451,1,111,5,16,823.52,529.32,0
2010,791,451,21,111,5,23,40.82,23.36,0.1
2011,791,451,8,111,5,4,188.77,93.64,0.05
2012,792,451,13,18,11,15,232.76,113.06,0
2013,792,451,21,18,11,3,43.25,23.36,0.05
2014,793,451,11,17,11,8,583.49,372.45,0
2015,793,451,21,17,11,5,43.25,23.36,0
2016,794,452,19,69,9,13,819.01,488.55,0.05
2017,794,452,9,69,9,13,603.18,339.37,0
2018,794,452,12,69,9,5,650.29,395.69,0.15
2019,794,452,5,69,9,3,528.23,270.34,0
2020,795,453,21,32,6,1,43.25,23.36,0.1
2021,795,453,11,32,6,25,583.49,372.45,0.05
2022,795,453,2,32,6,3,1716.29,869.25,0.15
2023,796,454,19,39,6,10,819.01,488.55,0.05
2024,796,454,1,39,6,15,823.52,529.32,0
2025,796,454,2,39,6,25,1859.48,869.25,0
2026,797,454,17,118,6,9,721.87,373.03,0
2027,797,454,4,118,6,12,323.12,204.85,0.05
2028,798,455,12,76,3,24,629.96,395.69,0.15
2029,798,455,19,76,3,20,819.01,488.55,0
2030,799,455,20,89,7,5,65.52,34.35,0
2031,799,455,19,89,7,11,819.01,488.55,0
2032,799,455,12,89,7,9,650.29,395.69,0.15
2033,799,455,4,89,7,16,323.12,204.85,0.1
2034,800,456,17,21,7,19,694.35,373.03,0.05
2035,800,456,11,21,7,15,563.03,372.45,0.15
2036,800,456,15,21,7,8,1365.66,795.97,0
2037,800,456,12,21,7,15,650.29,395.69,0.15
2038,801,456,2,25,8,24,1859.48,869.25,0
2039,801,456,10,25,8,15,546.43,303.54,0
2040,801,456,5,25,8,12,495.66,270.34,0
2041,801,456,18,25,8,9,36.79,20.77,0.15
2042,802,456,5,100,7,20,528.23,270.34,0
2043,802,456,1,100,7,14,823.52,529.32,0
2044,802,456,15,100,7,8,1365.66,795.97,0
2045,803,456,11,15,4,5,583.49,372.45,0
2046,803,456,3,15,4,1,732.38,428.42,0
2047,803,456,13,15,4,21,232.76,113.06,0
2048,803,456,4,15,4,12,323.12,204.85,0
2049,804,457,20,27,3,8,67.45,34.35,0
2050,804,457,6,27,3,3,441.8,202.95,0.05
2051,804,457,3,27,3,24,720.89,428.42,0.1
2052,804,457,10,27,3,8,567.24,303.54,0
2053,805,459,6,117,4,13,441.8,202.95,0
2054,805,459,9,117,4,9,515.69,339.37,0
2055,805,459,8,117,4,15,188.77,93.64,0
2056,805,459,16,117,4,1,527.77,350.66,0.1
2057,806,459,16,30,9,20,609.58,350.66,0.15
2058,806,459,14,30,9,4,1191.81,616.93,0.1
2059,807,460,5,28,4,21,528.23,270.34,0
2060,807,460,19,28,4,5,819.01,488.55,0.1
2061,807,460,16,28,4,12,609.58,350.66,0.05
2062,807,460,1,28,4,20,823.52,529.32,0.1
2063,808,460,4,79,6,8,323.12,204.85,0.1
2064,808,460,11,79,6,7,583.49,372.45,0
2065,809,460,3,79,10,10,827.18,428.42,0
2066,810,461,11,54,10,20,583.49,372.45,0
2067,810,461,18,54,10,20,36.79,20.77,0.1
2068,810,461,10,54,10,21,579.74,303.54,0
2069,810,461,9,54,10,10,603.18,339.37,0
2070,811,461,2,82,3,23,1816.54,869.25,0.05
2071,812,461,1,51,12,15,823.52,529.32,0
2072,813,461,18,60,3,19,36.79,20.77,0.05
2073,813,461,7,60,3,5,120.11,77.26,0.1
2074,814,463,21,119,9,1,43.25,23.36,0.05
2075,814,463,11,119,9,25,583.49,372.45,0.15
2076,814,463,6,119,9,25,412.34,202.95,0.05
2077,814,463,3,119,9,20,827.18,428.42,0.05
2078,815,465,17,115,1,17,721.87,373.03,0
2079,815,465,12,115,1,1,650.29,395.69,0
2080,815,465,9,115,1,2,585.12,339.37,0
2081,816,465,18,36,8,12,36.79,20.77,0
2082,816,465,2,36,8,4,1859.48,869.25,0
2083,816,465,8,36,8,25,165.99,93.64,0
2084,817,465,8,2,3,4,188.77,93.64,0
2085,818,465,4,104,7,15,323.12,204.85,0
2086,819,466,5,86,5,12,452.62,270.34,0
2087,819,466,9,86,5,20,603.18,339.37,0.1
2088,819,466,16,86,5,6,609.58,350.66,0
2089,820,467,7,66,5,21,120.11,77.26,0
2090,820,467,20,66,5,13,67.45,34.35,0.05
2091,820,467,1,66,5,24,823.52,529.32,0.1
2092,820,467,4,66,5,24,323.12,204.85,0.1
2093,821,468,19,55,4,11,819.01,488.55,0
2094,821,468,1,55,4,13,823.52,529.32,0.1
2095,821,468,6,55,4,10,441.8,202.95,0.15
2096,821,468,12,55,4,19,650.29,395.69,0
2097,822,468,7,93,1,21,120.11,77.26,0.15
2098,822,468,1,93,1,12,823.52,529.32,0
2099,823,468,7,17,4,8,120.11,77.26,0
2100,823,468,10,17,4,21,579.74,303.54,0
2101,824,469,6,31,8,7,441.8,202.95,0
2102,824,469,21,31,8,22,43.25,23.36,0
2103,824,469,11,31,8,24,583.49,372.45,0
2104,825,469,12,30,7,24,627.07,395.69,0
2105,825,469,1,30,7,5,823.52,529.32,0
2106,825,469,19,30,7,3,819.01,488.55,0.1
2107,826,471,14,104,1,22,1057.85,616.93,0
2108,826,471,5,104,1,19,528.23,270.34,0.05
2109,826,471,19,104,1,12,819.01,488.55,0
2110,826,471,2,104,1,11,1859.48,869.25,0.05
2111,827,471,13,49,12,10,232.76,113.06,0
2112,827,471,16,49,12,11,609.58,350.66,0
2113,827,471,21,49,12,9,43.25,23.36,0
2114,828,471,9,118,11,5,513.45,339.37,0
2115,828,471,4,118,11,11,323.12,204.85,0
2116,828,471,3,118,11,16,757.13,428.42,0.05
2117,828,471,6,118,11,25,441.8,202.95,0
2118,829,471,8,27,6,3,168.16,93.64,0.1
2119,829,471,20,27,6,2,59.06,34.35,0
2120,829,471,17,27,6,19,721.87,373.03,0.1
2121,829,471,4,27,6,7,284.08,204.85,0.15
2122,830,472,14,75,6,18,1061.46,616.93,0
2123,831,472,15,111,7,21,1365.66,795.97,0
2124,831,472,1,111,7,24,823.52,529.32,0.15
2125,831,472,8,111,7,2,188.77,93.64,0
2126,832,472,15,99,3,15,1220.4,795.97,0
2127,833,472,3,102,9,15,827.18,428.42,0.15
2128,833,472,9,102,9,18,603.18,339.37,0.1
2129,833,472,21,102,9,6,43.25,23.36,0
2130,833,472,4,102,9,18,323.12,204.85,0.15
2131,834,473,4,118,4,14,300.6,204.85,0.05
2132,834,473,2,118,4,11,1859.48,869.25,0.1
2133,835,473,9,54,12,6,603.18,339.37,0.1
2134,835,473,19,54,12,18,819.01,488.55,0
2135,835,473,15,54,12,11,1365.66,795.97,0
2136,835,473,16,54,12,10,609.58,350.66,0.15
2137,836,473,9,1,8,22,583.26,339.37,0.15
2138,836,473,7,1,8,22,120.11,77.26,0
2139,836,473,19,1,8,25,819.01,488.55,0.05
2140,836,473,6,1,8,6,441.8,202.95,0
2141,837,473,20,7,8,17,64.56,34.35,0
2142,838,475,4,42,8,14,323.12,204.85,0.15
2143,838,475,7,42,8,7,120.11,77.26,0.1
2144,839,475,21,19,6,19,39.35,23.36,0.05
2145,839,475,11,19,6,19,583.49,372.45,0
2146,839,475,13,19,6,6,232.76,113.06,0.05
2147,839,475,8,19,6,20,188.77,93.64,0.15
2148,840,476,1,7,4,9,823.52,529.32,0
2149,840,476,15,7,4,17,1243.22,795.97,0
2150,841,477,19,82,10,20,819.01,488.55,0.05
2151,841,477,11,82,10,2,583.49,372.45,0.1
2152,841,477,12,82,10,7,650.29,395.69,0
2153,841,477,14,82,10,10,1191.81,616.93,0.15
2154,842,477,11,30,7,3,583.49,372.45,0
2155,843,480,3,93,2,8,827.18,428.42,0.1
2156,843,480,21,93,2,2,43.25,23.36,0
2157,844,480,16,112,12,25,609.58,350.66,0.1
2158,844,480,20,112,12,25,67.45,34.35,0
2159,844,480,17,112,12,16,693.24,373.03,0
2160,844,480,18,112,12,8,36.79,20.77,0
2161,845,480,3,2,12,3,827.18,428.42,0.15
2162,845,480,9,2,12,12,603.18,339.37,0
2163,845,480,12,2,12,25,650.29,395.69,0.15
2164,845,480,21,2,12,21,43.25,23.36,0.1
2165,846,480,4,64,11,19,323.12,204.85,0
2166,846,480,19,64,11,1,819.01,488.55,0.15
2167,847,481,16,4,6,22,609.58,350.66,0
2168,847,481,2,4,6,13,1766.94,869.25,0.1
2169,848,483,16,4,9,9,609.58,350.66,0.1
2170,848,483,6,4,9,3,441.8,202.95,0.15
2171,848,483,2,4,9,8,1859.48,869.25,0
2172,849,486,11,10,11,16,554.03,372.45,0
2173,849,486,8,10,11,22,188.77,93.64,0
2174,849,486,14,10,11,22,1191.81,616.93,0
2175,850,486,6,25,11,13,441.8,202.95,0.1
2176,850,486,3,25,11,20,827.18,428.42,0
2177,850,486,2,25,11,19,1859.48,869.25,0
2178,851,486,15,74,1,8,1365.66,795.97,0.1
2179,851,486,8,74,1,22,188.77,93.64,0.1
2180,852,486,11,96,9,3,583.49,372.45,0.1
2181,852,486,4,96,9,3,323.12,204.85,0.1
2182,852,486,20,96,9,12,67.45,34.35,0
2183,853,487,9,50,3,6,603.18,339.37,0.15
2184,854,487,1,98,6,15,823.52,529.32,0.1
2185,854,487,2,98,6,12,1859.48,869.25,0
2186,854,487,10,98,6,24,579.74,303.54,0.1
2187,855,487,11,71,5,18,583.49,372.45,0.1
2188,856,488,1,71,3,22,823.52,529.32,0.05
2189,856,488,2,71,3,17,1859.48,869.25,0.1
2190,856,488,18,71,3,19,31.84,20.77,0.05
2191,856,488,19,71,3,11,778.94,488.55,0
2192,857,489,3,118,2,19,827.18,428.42,0
2193,858,491,16,37,2,22,550.59,350.66,0.1
2194,859,491,6,72,9,15,441.8,202.95,0.05
2195,859,491,15,72,9,7,1365.66,795.97,0
2196,859,491,12,72,9,3,650.29,395.69,0.05
2197,860,491,11,94,9,15,583.49,372.45,0
2198,860,491,12,94,9,14,602.19,395.69,0.1
2199,860,491,13,94,9,20,215.61,113.06,0
2200,860,491,16,94,9,5,609.58,350.66,0.15
2201,861,492,20,83,11,23,67.45,34.35,0.1
2202,862,494,5,34,3,21,528.23,270.34,0
2203,862,494,20,34,3,24,67.45,34.35,0
2204,862,494,10,34,3,17,579.74,303.54,0.05
2205,863,494,21,87,9,5,39.63,23.36,0
2206,864,494,1,96,9,13,823.52,529.32,0
2207,864,494,9,96,9,25,603.18,339.37,0.15
2208,864,494,16,96,9,15,609.58,350.66,0.05
2209,864,494,12,96,9,3,650.29,395.69,0
2210,865,494,1,55,9,11,788.97,529.32,0
2211,865,494,6,55,9,9,441.8,202.95,0
2212,865,494,21,55,9,4,43.25,23.36,0.1
2213,865,494,18,55,9,6,36.79,20.77,0.15
2214,866,495,18,56,2,9,36.79,20.77,0.1
2215,866,495,14,56,2,10,1191.81,616.93,0
2216,866,495,20,56,2,15,67.45,34.35,0.05
2217,866,495,4,56,2,9,323.12,204.85,0
2218,867,495,10,51,4,23,579.74,303.54,0.15
2219,867,495,7,51,4,12,105.7,77.26,0.05
2220,868,496,19,87,3,3,819.01,488.55,0
2221,868,496,9,87,3,11,603.18,339.37,0
2222,868,496,17,87,3,10,721.87,373.03,0.15
2223,869,496,19,99,10,3,819.01,488.55,0
2224,869,496,2,99,10,25,1859.48,869.25,0.15
2225,869,496,16,99,10,25,545.27,350.66,0
2226,869,496,13,99,10,9,232.76,113.06,0.15
2227,870,496,3,47,4,9,765.77,428.42,0
2228,870,496,12,47,4,14,650.29,395.69,0.1
2229,871,496,19,15,3,14,819.01,488.55,0
2230,872,497,2,91,12,1,1859.48,869.25,0.1
2231,872,497,8,91,12,18,188.77,93.64,0
2232,872,497,13,91,12,13,232.76,113.06,0.15
2233,872,497,3,91,12,8,827.18,428.42,0
2234,873,497,15,25,1,20,1365.66,795.97,0
2235,874,501,14,50,6,5,1191.81,616.93,0
2236,874,501,12,50,6,24,650.29,395.69,0
2237,874,501,4,50,6,2,323.12,204.85,0.15
2238,874,501,19,50,6,15,794.02,488.55,0.05
2239,875,501,3,92,4,20,827.18,428.42,0.05
2240,876,501,2,40,11,19,1859.48,869.25,0.1
2241,876,501,12,40,11,13,650.29,395.69,0
2242,876,501,7,40,11,21,120.11,77.26,0
2243,876,501,18,40,11,9,36.79,20.77,0.1
2244,877,504,16,74,11,19,609.58,350.66,0.1
2245,877,504,1,74,11,22,823.52,529.32,0.1
2246,877,504,9,74,11,20,603.18,339.37,0
2247,877,504,15,74,11,4,1365.66,795.97,0.1
2248,878,505,2,12,2,7,1859.48,869.25,0
2249,878,505,16,12,2,16,566.58,350.66,0.05
2250,878,505,19,12,2,10,819.01,488.55,0
2251,879,505,2,64,12,19,1859.48,869.25,0
2252,879,505,12,64,12,24,556.38,395.69,0
2253,879,505,21,64,12,10,41.4,23.36,0
2254,880,506,17,113,10,20,648.25,373.03,0.05
2255,880,506,14,113,10,13,1191.81,616.93,0
2256,880,506,2,113,10,18,1772.73,869.25,0.05
2257,880,506,12,113,10,18,650.29,395.69,0
2258,881,506,21,73,2,25,43.25,23.36,0
2259,882,506,13,33,2,18,232.76,113.06,0
2260,882,506,9,33,2,16,603.18,339.37,0.15
2261,882,506,15,33,2,7,1365.66,795.97,0
2262,882,506,3,33,2,20,827.18,428.42,0
2263,883,507,16,106,4,13,609.58,350.66,0
2264,883,507,20,106,4,7,67.45,34.35,0
2265,883,507,3,106,4,20,827.18,428.42,0.1
2266,884,508,1,55,8,22,823.52,529.32,0.1
2267,885,508,3,100,4,25,827.18,428.42,0.15
2268,885,508,20,100,4,20,67.45,34.35,0.1
2269,885,508,21,100,4,3,43.25,23.36,0
2270,886,508,10,63,1,2,579.74,303.54,0.05
2271,886,508,4,63,1,10,284.02,204.85,0.1
2272,886,508,11,63,1,18,583.49,372.45,0.05
2273,886,508,5,63,1,17,528.23,270.34,0.1
2274,887,508,3,95,1,19,750.45,428.42,0.05
2275,888,510,11,89,6,6,583.49,372.45,0
2276,888,510,4,89,6,8,323.12,204.85,0.15
2277,888,510,7,89,6,5,120.11,77.26,0.15
2278,889,511,18,63,7,25,36.79,20.77,0.05
2279,889,511,4,63,7,6,323.12,204.85,0.1
2280,890,511,8,65,4,1,188.77,93.64,0.15
2281,890,511,2,65,4,19,1859.48,869.25,0.05
2282,891,511,7,107,8,21,120.11,77.26,0
2283,891,511,21,107,8,10,43.25,23.36,0.15
2284,892,512,19,93,10,14,786.42,488.55,0.1
2285,892,512,15,93,10,17,1365.66,795.97,0
2286,892,512,14,93,10,2,1191.81,616.93,0.15
2287,893,512,7,14,5,8,120.11,77.26,0.05
2288,894,512,9,117,9,21,603.18,339.37,0.1
2289,894,512,15,117,9,23,1365.66,795.97,0.1
2290,895,512,10,88,11,12,579.74,303.54,0
2291,895,512,19,88,11,25,819.01,488.55,0
2292,895,512,3,88,11,8,806.31,428.42,0
2293,896,513,16,46,4,18,609.58,350.66,0
2294,896,513,13,46,4,4,202.31,113.06,0
2295,896,513,2,46,4,13,1791.97,869.25,0
2296,896,513,14,46,4,15,1191.81,616.93,0.1
2297,897,513,13,85,12,18,232.76,113.06,0.15
2298,897,513,8,85,12,10,188.77,93.64,0.05
2299,897,513,9,85,12,21,603.18,339.37,0.15
2300,897,513,20,85,12,12,64.74,34.35,0.05
2301,898,514,11,18,5,1,583.49,372.45,0.15
2302,898,514,1,18,5,22,823.52,529.32,0
2303,898,514,17,18,5,12,721.87,373.03,0.1
2304,898,514,13,18,5,15,221.67,113.06,0
2305,899,514,9,40,6,6,603.18,339.37,0.15
2306,900,514,21,20,5,1,37.17,23.36,0.15
2307,900,514,16,20,5,5,609.58,350.66,0.1
2308,901,515,12,60,4,7,650.29,395.69,0.15
2309,902,515,9,58,10,18,603.18,339.37,0
2310,902,515,1,58,10,3,823.52,529.32,0.15
2311,902,515,11,58,10,7,499.74,372.45,0
2312,902,515,20,58,10,9,60.84,34.35,0
2313,903,515,10,110,11,13,579.74,303.54,0
2314,904,516,1,68,1,18,823.52,529.32,0
2315,904,516,11,68,1,24,583.49,372.45,0.1
2316,904,516,3,68,1,17,781.15,428.42,0.15
2317,905,516,6,72,11,24,441.8,202.95,0.05
2318,905,516,12,72,11,17,650.29,395.69,0
2319,905,516,1,72,11,18,823.52,529.32,0.15
2320,905,516,14,72,11,16,1097.91,616.93,0
2321,906,516,5,101,7,17,528.23,270.34,0.1
2322,906,516,14,101,7,10,1191.81,616.93,0
2323,906,516,19,101,7,20,783.03,488.55,0.1
2324,907,517,20,73,8,21,59.0,34.35,0
2325,907,517,18,73,8,5,36.79,20.77,0.1
2326,907,517,4,73,8,24,323.12,204.85,0.15
2327,908,517,16,75,9,14,609.58,350.66,0
2328,908,517,2,75,9,15,1715.48,869.25,0
2329,908,517,1,75,9,25,823.52,529.32,0.05
2330,909,517,8,94,9,17,188.77,93.64,0
2331,910,517,21,31,5,16,43.25,23.36,0.1
2332,910,517,4,31,5,2,323.12,204.85,0.1
2333,910,517,7,31,5,6,120.11,77.26,0.1
2334,910,517,17,31,5,16,721.87,373.03,0
2335,911,518,20,111,6,25,65.75,34.35,0.15
2336,911,518,16,111,6,13,609.58,350.66,0.15
2337,912,518,12,115,6,16,650.29,395.69,0.1
2338,912,518,8,115,6,22,172.11,93.64,0.05
2339,912,518,17,115,6,22,721.87,373.03,0.1
2340,912,518,5,115,6,1,528.23,270.34,0
2341,913,518,9,68,9,7,559.2,339.37,0.05
2342,913,518,7,68,9,10,120.11,77.26,0.05
2343,914,518,8,90,8,22,188.77,93.64,0
2344,914,518,13,90,8,9,232.76,113.06,0.1
2345,914,518,5,90,8,11,528.23,270.34,0
2346,914,518,20,90,8,23,64.85,34.35,0
2347,915,519,10,80,7,13,522.89,303.54,0.1
2348,915,519,16,80,7,24,609.58,350.66,0.05
2349,915,519,17,80,7,20,721.87,373.03,0
2350,916,519,17,13,5,11,721.87,373.03,0
2351,916,519,18,13,5,24,32.29,20.77,0
2352,916,519,4,13,5,4,323.12,204.85,0.1
2353,916,519,21,13,5,24,43.25,23.36,0
2354,917,520,3,51,3,23,827.18,428.42,0.1
2355,917,520,13,51,3,3,232.76,113.06,0
2356,917,520,8,51,3,4,188.77,93.64,0.1
2357,918,520,18,46,3,7,35.97,20.77,0
2358,918,520,15,46,3,25,1365.66,795.97,0.15
2359,918,520,3,46,3,18,827.18,428.42,0.1
2360,919,520,15,29,2,5,1365.66,795.97,0
2361,919,520,2,29,2,4,1859.48,869.25,0
2362,919,520,6,29,2,14,441.8,202.95,0.1
2363,919,520,13,29,2,24,232.76,113.06,0.1
2364,920,520,18,6,2,15,36.79,20.77,0.1
2365,921,521,7,67,6,24,120.11,77.26,0.1
2366,922,521,12,23,2,25,650.29,395.69,0
2367,923,521,15,24,6,10,1198.26,795.97,0.15
2368,924,524,21,4,11,3,43.25,23.36,0
2369,925,524,9,118,1,11,524.86,339.37,0
2370,926,524,8,48,2,9,188.77,93.64,0
2371,926,524,6,48,2,23,441.8,202.95,0.15
2372,926,524,11,48,2,15,583.49,372.45,0
2373,927,525,16,78,12,1,609.58,350.66,0
2374,928,526,11,47,11,18,583.49,372.45,0.15
2375,928,526,15,47,11,8,1365.66,795.97,0.1
2376,928,526,1,47,11,13,823.52,529.32,0.15
2377,929,526,6,76,11,25,441.8,202.95,0.1
2378,929,526,21,76,11,25,38.99,23.36,0.1
2379,929,526,15,76,11,13,1365.66,795.97,0
2380,929,526,16,76,11,14,609.58,350.66,0
2381,930,526,15,49,6,19,1365.66,795.97,0
2382,931,527,15,103,6,9,1365.66,795.97,0
2383,931,527,9,103,6,18,603.18,339.37,0
2384,931,527,3,103,6,3,827.18,428.42,0
2385,931,527,20,103,6,17,67.45,34.35,0.15
2386,932,528,16,19,2,1,609.58,350.66,0
2387,932,528,17,19,2,23,721.87,373.03,0.1
2388,932,528,1,19,2,13,718.49,529.32,0
2389,933,528,17,57,4,11,690.1,373.03,0
2390,933,528,19,57,4,25,819.01,488.55,0
2391,934,528,19,68,8,18,819.01,488.55,0.05
2392,934,528,13,68,8,16,232.76,113.06,0
2393,934,528,7,68,8,6,120.11,77.26,0
2394,934,528,8,68,8,2,188.77,93.64,0.1
2395,935,530,12,120,3,3,650.29,395.69,0.1
2396,936,530,2,53,11,21,1650.2,869.25,0
2397,936,530,17,53,11,23,664.47,373.03,0.05
2398,937,532,2,99,1,15,1736.98,869.25,0
2399,938,532,20,21,1,18,67.45,34.35,0
2400,938,532,18,21,1,3,36.79,20.77,0.1
2401,938,532,10,21,1,7,579.74,303.54,0
2402,938,532,3,21,1,7,827.18,428.42,0.05
2403,939,532,3,9,12,20,827.18,428.42,0
2404,940,532,17,6,10,18,721.87,373.03,0
2405,940,532,1,6,10,2,823.52,529.32,0
2406,941,533,13,41,4,15,232.76,113.06,0.1
2407,941,533,20,41,4,6,67.45,34.35,0
2408,941,533,15,41,4,9,1365.66,795.97,0.05
2409,941,533,14,41,4,13,1191.81,616.93,0
2410,942,534,7,33,3,7,120.11,77.26,0
2411,942,534,4,33,3,17,323.12,204.85,0.1
2412,942,534,2,33,3,14,1695.27,869.25,0.1
2413,942,534,10,33,3,4,562.82,303.54,0.15
2414,943,535,5,30,2,11,528.23,270.34,0.15
2415,943,535,1,30,2,4,823.52,529.32,0
2416,943,535,12,30,2,18,650.29,395.69,0
2417,944,535,18,89,2,23,36.79,20.77,0
2418,945,538,8,117,7,3,188.77,93.64,0.05
2419,945,538,1,117,7,21,823.52,529.32,0
2420,945,538,5,117,7,15,528.23,270.34,0.05
2421,946,538,20,107,11,13,67.45,34.35,0
2422,946,538,7,107,11,7,102.16,77.26,0
2423,946,538,10,107,11,22,579.74,303.54,0
2424,946,538,17,107,11,14,622.66,373.03,0.05
2425,947,538,4,76,4,1,323.12,204.85,0.05
2426,947,538,5,76,4,6,528.23,270.34,0
2427,947,538,7,76,4,17,114.87,77.26,0.05
2428,948,538,2,63,9,21,1859.48,869.25,0
2429,949,539,17,6,12,10,721.87,373.03,0.1
2430,950,539,4,44,12,15,296.99,204.85,0
2431,950,539,19,44,12,2,819.01,488.55,0
2432,951,539,18,115,5,12,36.79,20.77,0
2433,951,539,11,115,5,12,583.49,372.45,0
2434,951,539,6,115,5,24,441.8,202.95,0
2435,952,540,2,51,2,12,1859.48,869.25,0.15
2436,952,540,15,51,2,22,1365.66,795.97,0
2437,953,542,14,62,5,13,1144.69,616.93,0.1
2438,953,542,18,62,5,9,36.79,20.77,0.05
2439,954,542,11,87,2,12,570.12,372.45,0
2440,954,542,18,87,2,21,36.79,20.77,0
2441,954,542,6,87,2,11,441.8,202.95,0
2442,955,542,18,29,1,19,36.79,20.77,0
2443,955,542,6,29,1,2,441.8,202.95,0
2444,956,542,21,89,12,19,43.25,23.36,0
2445,956,542,2,89,12,20,1859.48,869.25,0.1
2446,956,542,15,89,12,2,1365.66,795.97,0.15
2447,957,545,7,106,2,24,120.11,77.26,0.05
2448,957,545,6,106,2,23,441.8,202.95,0.05
2449,958,545,16,34,7,2,609.58,350.66,0.1
2450,959,545,13,78,10,11,199.21,113.06,0.05
2451,959,545,10,78,10,20,579.74,303.54,0
2452,960,546,17,75,5,12,721.87,373.03,0.15
2453,960,546,4,75,5,1,323.12,204.85,0
2454,960,546,9,75,5,3,603.18,339.37,0
2455,960,546,14,75,5,25,1191.81,616.93,0.1
2456,961,547,20,81,3,12,67.45,34.35,0
2457,961,547,17,81,3,1,721.87,373.03,0.15
2458,961,547,12,81,3,5,650.29,395.69,0.05
2459,961,547,10,81,3,24,579.74,303.54,0
2460,962,547,7,3,5,8,120.11,77.26,0.15
2461,963,547,1,93,5,20,823.52,529.32,0.05
2462,964,547,6,100,11,1,441.8,202.95,0.15
2463,964,547,20,100,11,16,67.45,34.35,0
2464,965,548,10,58,7,13,579.74,303.54,0.1
2465,965,548,4,58,7,11,323.12,204.85,0
2466,965,548,16,58,7,19,609.58,350.66,0.1
2467,966,549,2,73,11,15,1759.56,869.25,0
2468,966,549,12,73,11,3,650.29,395.69,0.15
2469,967,550,8,40,11,5,172.42,93.64,0.05
2470,967,550,13,40,11,11,232.76,113.06,0
2471,967,550,10,40,11,11,579.74,303.54,0
2472,967,550,5,40,11,21,528.23,270.34,0
2473,968,551,7,4,3,25,120.11,77.26,0
2474,968,551,12,4,3,22,588.74,395.69,0.05
2475,968,551,19,4,3,19,748.76,488.55,0
2476,968,551,3,4,3,14,827.18,428.42,0
2477,969,552,6,20,8,21,380.33,202.95,0
2478,969,552,8,20,8,9,188.77,93.64,0
2479,969,552,13,20,8,18,232.76,113.06,0.1
2480,969,552,17,20,8,5,721.87,373.03,0.05
2481,970,556,18,58,6,7,36.79,20.77,0
2482,970,556,13,58,6,13,232.76,113.06,0.15
2483,970,556,8,58,6,15,188.77,93.64,0.05
2484,970,556,3,58,6,16,827.18,428.42,0
2485,971,556,1,6,11,5,743.39,529.32,0
2486,971,556,19,6,11,16,752.28,488.55,0
2487,972,557,20,65,1,8,67.45,34.35,0.05
2488,973,557,7,62,5,9,107.5,77.26,0
2489,973,557,9,62,5,24,603.18,339.37,0
2490,973,557,8,62,5,5,188.77,93.64,0.1
2491,974,558,21,85,11,16,43.25,23.36,0
2492,975,558,11,104,10,22,512.43,372.45,0.05
2493,975,558,10,104,10,20,555.87,303.54,0.1
2494,976,559,8,93,11,21,163.57,93.64,0
2495,976,559,17,93,11,5,691.69,373.03,0.15
2496,977,559,11,105,8,17,583.49,372.45,0.05
2497,977,559,8,105,8,9,170.2,93.64,0.05
2498,977,559,9,105,8,4,603.18,339.37,0.05
2499,978,560,13,79,12,10,232.76,113.06,0
2500,978,560,8,79,12,6,178.88,93.64,0.15
2501,979,560,17,2,2,23,721.87,373.03,0.1
2502,979,560,8,2,2,10,188.77,93.64,0
2503,979,560,16,2,2,6,609.58,350.66,0.15
2504,980,561,10,91,12,4,579.74,303.54,0
2505,980,561,18,91,12,2,36.79,20.77,0
2506,981,561,18,65,7,15,36.79,20.77,0
2507,981,561,15,65,7,14,1365.66,795.97,0
2508,981,561,2,65,7,17,1859.48,869.25,0
2509,981,561,13,65,7,25,232.76,113.06,0.05
2510,982,563,2,102,5,15,1859.48,869.25,0
2511,983,563,19,29,3,17,819.01,488.55,0.05
2512,983,563,17,29,3,24,721.87,373.03,0.15
2513,983,563,20,29,3,20,67.45,34.35,0.15
2514,983,563,6,29,3,23,441.8,202.95,0.15
2515,984,565,17,20,6,14,721.87,373.03,0
2516,985,567,17,28,1,13,721.87,373.03,0.05
2517,985,567,2,28,1,5,1859.48,869.25,0.05
2518,985,567,21,28,1,8,43.25,23.36,0
2519,986,568,17,120,11,3,721.87,373.03,0
2520,986,568,2,120,11,19,1744.1,869.25,0.1
2521,987,568,12,70,3,19,650.29,395.69,0.05
2522,988,569,8,94,3,7,188.77,93.64,0
2523,988,569,19,94,3,15,791.45,488.55,0
2524,989,572,9,13,4,17,570.84,339.37,0.15
2525,989,572,11,13,4,8,583.49,372.45,0
2526,989,572,18,13,4,10,36.79,20.77,0
2527,990,572,10,72,8,17,579.74,303.54,0.05
2528,990,572,21,72,8,15,43.25,23.36,0.15
2529,991,573,17,64,5,11,721.87,373.03,0.15
2530,991,573,21,64,5,7,43.25,23.36,0
2531,991,573,2,64,5,11,1859.48,869.25,0.1
2532,992,573,13,81,4,4,232.76,113.06,0.1
2533,992,573,1,81,4,24,823.52,529.32,0
2534,992,573,19,81,4,25,819.01,488.55,0
2535,992,573,12,81,4,16,650.29,395.69,0.15
2536,993,574,18,98,5,7,36.79,20.77,0
2537,993,574,13,98,5,5,232.76,113.06,0.1
2538,994,575,21,112,2,5,43.25,23.36,0.15
2539,994,575,18,112,2,21,36.79,20.77,0
2540,994,575,6,112,2,16,441.8,202.95,0
2541,994,575,11,112,2,6,498.69,372.45,0.1
2542,995,575,18,99,9,2,36.79,20.77,0
2543,996,577,12,104,7,22,650.29,395.69,0.1
2544,996,577,1,104,7,24,823.52,529.32,0
2545,996,577,10,104,7,24,558.95,303.54,0.1
2546,997,577,11,36,6,17,583.49,372.45,0.1
2547,998,580,17,13,5,10,721.87,373.03,0.1
2548,998,580,14,13,5,24,1191.81,616.93,0.05
2549,998,580,4,13,5,20,323.12,204.85,0
2550,998,580,8,13,5,1,175.24,93.64,0
2551,999,581,17,15,3,24,721.87,373.03,0.1
2552,999,581,9,15,3,3,603.18,339.37,0
2553,999,581,7,15,3,7,110.3,77.26,0.1
2554,999,581,18,15,3,18,32.31,20.77,0.15
2555,1000,581,20,58,9,4,67.45,34.35,0
2556,1000,581,19,58,9,19,698.95,488.55,0.15
2557,1000,581,3,58,9,7,827.18,428.42,0
2558,1000,581,16,58,9,7,609.58,350.66,0.05
2559,1001,582,15,83,10,19,1365.66,795.97,0
2560,1001,582,2,83,10,24,1859.48,869.25,0.15
2561,1002,583,2,78,6,16,1859.48,869.25,0.05
2562,1002,583,14,78,6,9,1191.81,616.93,0
2563,1003,583,6,104,5,5,441.8,202.95,0.05
2564,1003,583,7,104,5,14,107.75,77.26,0
2565,1003,583,11,104,5,13,583.49,372.45,0.15
2566,1004,584,2,61,7,15,1859.48,869.25,0.1
2567,1005,584,21,89,1,22,43.25,23.36,0
2568,1006,585,1,37,3,21,823.52,529.32,0
2569,1006,585,2,37,3,9,1859.48,869.25,0.05
2570,1006,585,8,37,3,21,188.77,93.64,0.15
2571,1006,585,18,37,3,25,36.79,20.77,0
2572,1007,586,20,23,8,6,67.45,34.35,0.05
2573,1007,586,8,23,8,2,188.77,93.64,0
2574,1007,586,21,23,8,17,43.25,23.36,0
2575,1007,586,5,23,8,14,498.17,270.34,0.05
2576,1008,586,7,53,1,6,120.11,77.26,0.1
2577,1008,586,21,53,1,9,43.25,23.36,0.1
2578,1008,586,2,53,1,6,1859.48,869.25,0.15
2579,1009,588,10,97,3,4,579.74,303.54,0
2580,1009,588,11,97,3,8,583.49,372.45,0
2581,1009,588,6,97,3,17,441.8,202.95,0.1
2582,1009,588,16,97,3,7,609.58,350.66,0.05
2583,1010,589,9,31,2,12,537.74,339.37,0.1
2584,1010,589,12,31,2,6,650.29,395.69,0.05
2585,1010,589,15,31,2,17,1241.69,795.97,0.15
2586,1010,589,10,31,2,4,579.74,303.54,0
2587,1011,590,8,56,4,15,188.77,93.64,0
2588,1011,590,3,56,4,4,827.18,428.42,0
2589,1011,590,13,56,4,2,232.76,113.06,0
2590,1012,590,8,8,4,14,188.77,93.64,0.05
2591,1012,590,16,8,4,7,609.58,350.66,0
2592,1012,590,4,8,4,17,290.39,204.85,0.15
2593,1013,591,18,22,2,22,36.79,20.77,0.05
2594,1013,591,2,22,2,5,1859.48,869.25,0
2595,1013,591,4,22,2,23,323.12,204.85,0.15
2596,1013,591,17,22,2,22,721.87,373.03,0
2597,1014,591,1,83,11,3,786.61,529.32,0.05
2598,1014,591,6,83,11,13,441.8,202.95,0
2599,1015,592,15,16,6,10,1365.66,795.97,0.1
2600,1016,592,9,99,6,8,603.18,339.37,0
2601,1016,592,14,99,6,2,1191.81,616.93,0
2602,1017,594,21,71,11,9,39.43,23.36,0.1
2603,1017,594,2,71,11,14,1859.48,869.25,0.1
2604,1017,594,18,71,11,4,36.79,20.77,0.05
2605,1017,594,6,71,11,15,441.8,202.95,0
2606,1018,594,13,22,10,19,232.76,113.06,0
2607,1018,594,18,22,10,8,34.83,20.77,0
2608,1019,595,16,89,9,7,525.2,350.66,0.1
2609,1020,595,16,62,3,18,609.58,350.66,0.15
2610,1021,598,16,110,5,14,609.58,350.66,0.15
2611,1022,600,18,19,8,11,36.79,20.77,0.1
2612,1023,600,6,3,4,17,441.8,202.95,0
2613,1023,600,18,3,4,3,36.79,20.77,0.05
2614,1023,600,20,3,4,7,67.45,34.35,0.05
2615,1024,601,18,77,1,12,35.91,20.77,0
2616,1024,601,12,77,1,21,650.29,395.69,0
2617,1025,604,3,119,6,4,827.18,428.42,0
2618,1025,604,5,119,6,15,528.23,270.34,0
2619,1025,604,21,119,6,23,43.25,23.36,0.15
2620,1026,604,7,16,1,7,120.11,77.26,0.05
2621,1027,606,21,63,3,12,43.25,23.36,0.15
2622,1027,606,11,63,3,18,547.96,372.45,0.15
2623,1027,606,9,63,3,2,603.18,339.37,0
2624,1028,612,7,62,6,3,120.11,77.26,0
2625,1029,614,16,12,5,25,609.58,350.66,0
2626,1029,614,12,12,5,18,650.29,395.69,0
2627,1029,614,20,12,5,21,67.45,34.35,0
2628,1030,614,11,69,9,12,583.49,372.45,0.15
2629,1031,614,17,34,10,17,721.87,373.03,0.15
2630,1031,614,13,34,10,15,211.87,113.06,0
2631,1031,614,5,34,10,18,528.23,270.34,0.15
2632,1032,614,15,42,4,19,1236.08,795.97,0
2633,1032,614,7,42,4,25,120.11,77.26,0
2634,1032,614,3,42,4,6,827.18,428.42,0.05
2635,1032,614,8,42,4,18,188.77,93.64,0
2636,1033,615,17,95,6,11,721.87,373.03,0
2637,1033,615,20,95,6,24,65.98,34.35,0
2638,1034,615,21,21,4,12,43.25,23.36,0.15
2639,1034,615,11,21,4,14,583.49,372.45,0.15
2640,1035,615,12,100,1,6,650.29,395.69,0.15
2641,1035,615,17,100,1,22,721.87,373.03,0.1
2642,1035,615,20,100,1,4,67.45,34.35,0.1
2643,1036,617,3,63,7,19,827.18,428.42,0.05
2644,1037,617,14,108,4,1,1046.62,616.93,0.15
2645,1037,617,7,108,4,12,120.11,77.26,0
2646,1038,617,12,77,8,6,650.29,395.69,0
2647,1038,617,14,77,8,12,1132.25,616.93,0
2648,1038,617,18,77,8,1,36.79,20.77,0
2649,1038,617,16,77,8,2,609.58,350.66,0.1
2650,1039,617,1,46,11,7,823.52,529.32,0
2651,1039,617,9,46,11,14,603.18,339.37,0
2652,1039,617,4,46,11,20,323.12,204.85,0.1
2653,1040,618,6,112,2,13,441.8,202.95,0
2654,1040,618,19,112,2,24,819.01,488.55,0.05
2655,1040,618,20,112,2,24,67.45,34.35,0
2656,1040,618,12,112,2,20,650.29,395.69,0
2657,1041,619,8,111,10,15,188.77,93.64,0
2658,1042,621,6,21,5,6,441.8,202.95,0.15
2659,1042,621,13,21,5,1,232.76,113.06,0
2660,1042,621,20,21,5,7,67.45,34.35,0.05
2661,1042,621,16,21,5,1,609.58,350.66,0.15
2662,1043,621,14,20,1,3,1057.69,616.93,0
2663,1043,621,10,20,1,5,558.38,303.54,0
2664,1044,621,11,33,9,3,583.49,372.45,0.1
2665,1045,621,12,61,5,5,650.29,395.69,0.15
2666,1045,621,13,61,5,18,204.19,113.06,0
2667,1045,621,7,61,5,9,120.11,77.26,0
2668,1046,623,4,112,6,2,323.12,204.85,0.1
2669,1046,623,20,112,6,14,67.45,34.35,0
2670,1047,623,15,56,6,9,1365.66,795.97,0
2671,1047,623,7,56,6,15,112.98,77.26,0.15
2672,1048,623,3,97,10,11,827.18,428.42,0
2673,1049,623,13,40,2,9,232.76,113.06,0.1
2674,1049,623,20,40,2,19,67.45,34.35,0.05
2675,1050,625,5,89,3,5,491.03,270.34,0.15
2676,1050,625,2,89,3,2,1859.48,869.25,0.15
2677,1051,626,13,39,4,6,232.76,113.06,0.15
2678,1051,626,18,39,4,13,36.79,20.77,0
2679,1052,626,21,91,3,2,38.42,23.36,0
2680,1052,626,4,91,3,17,323.12,204.85,0
2681,1053,627,7,100,2,19,120.11,77.26,0.05
2682,1053,627,2,100,2,17,1859.48,869.25,0.15
2683,1053,627,12,100,2,7,650.29,395.69,0.05
2684,1054,627,19,37,11,13,819.01,488.55,0.15
2685,1054,627,7,37,11,20,120.11,77.26,0
2686,1054,627,11,37,11,23,583.49,372.45,0
2687,1054,627,16,37,11,20,609.58,350.66,0
2688,1055,627,19,1,6,11,819.01,488.55,0.1
2689,1056,628,10,89,8,22,579.74,303.54,0
2690,1057,628,14,80,1,19,1191.81,616.93,0
2691,1057,628,21,80,1,6,43.25,23.36,0.15
2692,1057,628,16,80,1,2,557.12,350.66,0
2693,1058,628,13,83,3,22,232.76,113.06,0
2694,1058,628,17,83,3,4,721.87,373.03,0.05
2695,1058,628,5,83,3,2,489.46,270.34,0.15
2696,1058,628,8,83,3,24,188.77,93.64,0
2697,1059,628,16,47,6,22,609.58,350.66,0
2698,1059,628,15,47,6,20,1365.66,795.97,0.05
2699,1059,628,12,47,6,16,650.29,395.69,0.1
2700,1060,630,13,117,4,5,232.76,113.06,0.15
2701,1060,630,5,117,4,1,528.23,270.34,0
2702,1060,630,17,117,4,7,721.87,373.03,0.15
2703,1061,630,3,101,10,17,827.18,428.42,0
2704,1061,630,19,101,10,11,703.68,488.55,0
2705,1061,630,4,101,10,7,323.12,204.85,0
2706,1061,630,17,101,10,1,647.83,373.03,0.15
2707,1062,631,5,104,5,12,481.99,270.34,0.1
2708,1062,631,11,104,5,9,583.49,372.45,0
2709,1063,631,8,24,12,25,188.77,93.64,0
2710,1063,631,13,24,12,7,212.4,113.06,0
2711,1063,631,5,24,12,4,528.23,270.34,0
2712,1063,631,4,24,12,5,289.44,204.85,0
2713,1064,631,9,21,11,8,603.18,339.37,0.1
2714,1064,631,14,21,11,1,1191.81,616.93,0.1
2715,1064,631,8,21,11,15,188.77,93.64,0.05
2716,1065,632,5,2,4,22,528.23,270.34,0
2717,1066,632,1,9,11,1,823.52,529.32,0
2718,1066,632,17,9,11,10,721.87,373.03,0.1
2719,1066,632,5,9,11,21,472.65,270.34,0
2720,1067,632,19,38,1,10,819.01,488.55,0.1
2721,1067,632,15,38,1,10,1365.66,795.97,0
2722,1067,632,4,38,1,5,274.85,204.85,0
2723,1068,632,21,5,2,2,43.25,23.36,0.05
2724,1068,632,11,5,2,2,583.49,372.45,0.15
2725,1068,632,8,5,2,8,165.88,93.64,0.05
2726,1068,632,19,5,2,23,819.01,488.55,0
2727,1069,633,20,30,6,19,67.45,34.35,0
2728,1070,633,17,83,1,20,721.87,373.03,0
2729,1070,633,10,83,1,17,579.74,303.54,0
2730,1070,633,7,83,1,7,112.76,77.26,0.05
2731,1071,633,3,109,5,12,827.18,428.42,0.15
2732,1071,633,2,109,5,16,1698.9,869.25,0
2733,1071,633,18,109,5,18,36.79,20.77,0.05
2734,1072,633,7,83,8,12,120.11,77.26,0
2735,1073,634,10,119,5,23,547.69,303.54,0.1
2736,1073,634,19,119,5,2,724.28,488.55,0
2737,1073,634,12,119,5,24,636.42,395.69,0.15
2738,1073,634,13,119,5,15,214.69,113.06,0.15
2739,1074,635,14,114,5,17,1191.81,616.93,0
2740,1074,635,21,114,5,8,43.25,23.36,0
2741,1075,636,1,61,11,23,823.52,529.32,0
2742,1075,636,10,61,11,19,494.78,303.54,0
2743,1076,636,21,5,10,14,38.94,23.36,0.15
2744,1076,636,8,5,10,16,188.77,93.64,0.15
2745,1077,636,14,85,2,3,1191.81,616.93,0
2746,1077,636,13,85,2,5,224.19,113.06,0
2747,1077,636,12,85,2,12,650.29,395.69,0
2748,1078,637,21,19,1,9,43.25,23.36,0.15
2749,1078,637,17,19,1,9,721.87,373.03,0
2750,1078,637,6,19,1,12,441.8,202.95,0.05
2751,1078,637,13,19,1,13,232.76,113.06,0.1
2752,1079,637,15,98,12,24,1365.66,795.97,0.15
2753,1079,637,18,98,12,24,36.79,20.77,0
2754,1080,637,20,2,9,16,64.99,34.35,0.05
2755,1080,637,11,2,9,15,583.49,372.45,0.1
2756,1080,637,21,2,9,12,43.25,23.36,0.05
2757,1081,638,21,91,12,4,43.25,23.36,0
2758,1082,638,1,89,8,20,823.52,529.32,0
2759,1082,638,4,89,8,24,323.12,204.85,0.1
2760,1083,638,12,73,7,20,650.29,395.69,0
2761,1084,638,15,74,3,8,1365.66,795.97,0.1
2762,1084,638,4,74,3,17,323.12,204.85,0.15
2763,1085,639,17,10,7,5,721.87,373.03,0.05
2764,1085,639,18,10,7,22,36.79,20.77,0.1
2765,1085,639,12,10,7,8,650.29,395.69,0
2766,1086,640,6,90,9,4,441.8,202.95,0
2767,1086,640,18,90,9,7,36.79,20.77,0.05
2768,1086,640,10,90,9,14,548.82,303.54,0
2769,1086,640,13,90,9,23,232.76,113.06,0.15
2770,1087,640,20,8,7,19,67.45,34.35,0
2771,1087,640,16,8,7,7,609.58,350.66,0.1
2772,1088,640,19,73,8,2,781.99,488.55,0
2773,1088,640,3,73,8,21,738.35,428.42,0
2774,1088,640,4,73,8,1,323.12,204.85,0
2775,1088,640,6,73,8,13,441.8,202.95,0
2776,1089,641,15,82,10,8,1365.66,795.97,0
2777,1090,644,13,39,9,4,232.76,113.06,0
2778,1091,645,15,15,12,3,1310.29,795.97,0.05
2779,1091,645,2,15,12,9,1859.48,869.25,0.15
2780,1092,645,18,63,9,14,35.58,20.77,0.05
2781,1092,645,6,63,9,6,441.8,202.95,0.05
2782,1092,645,21,63,9,22,43.25,23.36,0.15
2783,1093,647,9,80,8,1,603.18,339.37,0.15
2784,1093,647,13,80,8,17,198.31,113.06,0.05
2785,1094,647,21,109,1,2,43.25,23.36,0.05
2786,1094,647,15,109,1,13,1258.31,795.97,0.15
2787,1094,647,2,109,1,3,1859.48,869.25,0.1
2788,1095,647,16,23,3,1,609.58,350.66,0.15
2789,1095,647,19,23,3,23,819.01,488.55,0.1
2790,1095,647,9,23,3,6,572.54,339.37,0
2791,1095,647,13,23,3,16,232.76,113.06,0
2792,1096,647,1,39,6,12,823.52,529.32,0
2793,1096,647,3,39,6,17,827.18,428.42,0.15
2794,1097,648,16,39,9,22,609.58,350.66,0.05
2795,1097,648,5,39,9,4,505.08,270.34,0
2796,1098,650,14,18,3,6,1108.57,616.93,0
2797,1098,650,15,18,3,17,1365.66,795.97,0
2798,1098,650,16,18,3,3,559.68,350.66,0.1
2799,1098,650,10,18,3,25,579.74,303.54,0.05
2800,1099,650,1,39,10,8,823.52,529.32,0
2801,1099,650,15,39,10,12,1365.66,795.97,0
2802,1099,650,2,39,10,11,1859.48,869.25,0
2803,1099,650,14,39,10,11,1191.81,616.93,0
2804,1100,651,18,100,2,15,36.79,20.77,0.1
2805,1100,651,21,100,2,22,43.25,23.36,0.1
2806,1101,651,21,83,4,1,43.25,23.36,0
2807,1101,651,18,83,4,22,36.79,20.77,0.15
2808,1101,651,17,83,4,19,721.87,373.03,0
2809,1101,651,13,83,4,2,232.76,113.06,0
2810,1102,652,2,113,4,11,1754.21,869.25,0.1
2811,1102,652,19,113,4,1,819.01,488.55,0
2812,1102,652,16,113,4,6,609.58,350.66,0
2813,1102,652,11,113,4,24,583.49,372.45,0.05
2814,1103,652,15,98,5,22,1365.66,795.97,0.05
2815,1104,652,20,43,1,2,58.99,34.35,0
2816,1104,652,14,43,1,17,1191.81,616.93,0
2817,1105,653,14,79,7,4,1191.81,616.93,0.05
2818,1106,653,2,80,2,25,1859.48,869.25,0.15
2819,1106,653,11,80,2,5,583.49,372.45,0
2820,1107,653,6,99,4,21,441.8,202.95,0.15
2821,1107,653,21,99,4,4,43.25,23.36,0.1
2822,1107,653,9,99,4,16,603.18,339.37,0
2823,1108,654,10,68,11,24,579.74,303.54,0
2824,1109,654,10,85,2,20,579.74,303.54,0
2825,1110,654,16,112,5,21,609.58,350.66,0
2826,1110,654,2,112,5,24,1859.48,869.25,0
2827,1111,655,20,96,9,14,67.45,34.35,0
2828,1111,655,7,96,9,8,112.87,77.26,0.15
2829,1112,656,3,111,4,1,827.18,428.42,0
2830,1113,656,9,57,5,11,603.18,339.37,0
2831,1114,656,10,16,10,23,579.74,303.54,0
2832,1114,656,20,16,10,1,67.45,34.35,0.1
2833,1114,656,13,16,10,2,232.76,113.06,0
2834,1114,656,5,16,10,16,528.23,270.34,0
2835,1115,656,12,9,9,8,650.29,395.69,0
2836,1115,656,18,9,9,9,36.79,20.77,0
2837,1115,656,19,9,9,12,819.01,488.55,0.15
2838,1115,656,1,9,9,18,823.52,529.32,0
2839,1116,657,2,63,10,2,1859.48,869.25,0
2840,1117,657,15,55,10,4,1365.66,795.97,0.1
2841,1117,657,2,55,10,11,1859.48,869.25,0
2842,1117,657,4,55,10,13,323.12,204.85,0.1
2843,1118,657,15,89,3,24,1365.66,795.97,0.05
2844,1118,657,7,89,3,12,120.11,77.26,0.15
2845,1118,657,16,89,3,17,609.58,350.66,0
2846,1119,657,20,45,2,1,62.14,34.35,0
2847,1120,658,21,117,6,6,43.25,23.36,0
2848,1120,658,8,117,6,16,188.77,93.64,0.05
2849,1120,658,4,117,6,18,283.12,204.85,0
2850,1120,658,5,117,6,6,528.23,270.34,0
2851,1121,658,15,116,4,13,1365.66,795.97,0
2852,1121,658,21,116,4,24,43.25,23.36,0
2853,1121,658,6,116,4,20,441.8,202.95,0
2854,1121,658,10,116,4,8,579.74,303.54,0.15
2855,1122,658,3,89,1,9,827.18,428.42,0.1
2856,1122,658,15,89,1,19,1365.66,795.97,0
2857,1122,658,14,89,1,15,1191.81,616.93,0.05
2858,1123,659,21,81,9,22,43.25,23.36,0
2859,1124,661,4,24,6,5,323.12,204.85,0.05
2860,1124,661,8,24,6,25,171.5,93.64,0.05
2861,1124,661,10,24,6,14,579.74,303.54,0.05
2862,1125,661,17,46,4,6,721.87,373.03,0
2863,1125,661,3,46,4,7,751.54,428.42,0.05
2864,1126,661,20,14,6,8,67.45,34.35,0
2865,1126,661,8,14,6,13,188.77,93.64,0.1
2866,1127,662,2,112,10,5,1859.48,869.25,0.1
2867,1127,662,8,112,10,17,188.77,93.64,0.15
2868,1128,662,2,85,11,20,1753.68,869.25,0
2869,1129,662,9,39,11,23,603.18,339.37,0.05
2870,1129,662,5,39,11,10,528.23,270.34,0.1
2871,1130,663,13,53,3,24,232.76,113.06,0.05
2872,1130,663,8,53,3,3,188.77,93.64,0
2873,1130,663,6,53,3,21,441.8,202.95,0
2874,1131,663,20,72,7,20,67.45,34.35,0.15
2875,1131,663,5,72,7,16,467.3,270.34,0.1
2876,1131,663,11,72,7,3,583.49,372.45,0.05
2877,1131,663,21,72,7,4,38.29,23.36,0.15
2878,1132,664,12,84,12,4,650.29,395.69,0
2879,1132,664,21,84,12,22,43.25,23.36,0.1
2880,1133,664,14,92,5,20,1151.27,616.93,0.1
2881,1134,664,21,18,12,22,41.59,23.36,0.15
2882,1134,664,19,18,12,13,819.01,488.55,0.1
2883,1135,664,13,37,2,18,209.58,113.06,0.05
2884,1135,664,20,37,2,2,67.45,34.35,0.15
2885,1135,664,6,37,2,9,441.8,202.95,0
2886,1135,664,1,37,2,4,823.52,529.32,0.05
2887,1136,666,3,79,9,19,784.67,428.42,0.15
2888,1136,666,1,79,9,24,823.52,529.32,0
2889,1136,666,16,79,9,6,609.58,350.66,0.05
2890,1136,666,15,79,9,14,1365.66,795.97,0
2891,1137,666,16,29,11,5,609.58,350.66,0.1
2892,1137,666,1,29,11,20,823.52,529.32,0.1
2893,1137,666,14,29,11,20,1191.81,616.93,0
2894,1137,666,11,29,11,13,583.49,372.45,0.15
2895,1138,667,14,106,10,15,1191.81,616.93,0
2896,1139,667,2,68,1,4,1859.48,869.25,0
2897,1139,667,4,68,1,12,280.67,204.85,0
2898,1140,669,13,44,1,23,232.76,113.06,0.1
2899,1141,670,11,35,12,23,583.49,372.45,0.15
2900,1142,670,9,98,12,8,603.18,339.37,0
2901,1142,670,17,98,12,11,691.56,373.03,0
2902,1142,670,11,98,12,13,583.49,372.45,0.05
2903,1143,670,2,119,1,1,1859.48,869.25,0.05
2904,1143,670,12,119,1,21,650.29,395.69,0
2905,1143,670,17,119,1,7,721.87,373.03,0.1
2906,1144,670,20,52,11,24,67.45,34.35,0.05
2907,1144,670,13,52,11,23,224.66,113.06,0
2908,1144,670,10,52,11,10,579.74,303.54,0
2909,1145,671,14,53,4,9,1024.45,616.93,0
2910,1146,671,3,67,3,17,827.18,428.42,0.15
2911,1146,671,9,67,3,22,603.18,339.37,0.05
2912,1146,671,4,67,3,25,323.12,204.85,0
2913,1146,671,16,67,3,6,609.58,350.66,0
2914,1147,672,14,33,4,14,1191.81,616.93,0.15
2915,1147,672,4,33,4,21,323.12,204.85,0.1
2916,1148,672,10,88,4,5,579.74,303.54,0
2917,1149,674,3,71,8,2,827.18,428.42,0
2918,1149,674,17,71,8,8,693.21,373.03,0.1
2919,1150,674,17,90,4,20,721.87,373.03,0.15
2920,1150,674,4,90,4,9,323.12,204.85,0.15
2921,1150,674,13,90,4,8,232.76,113.06,0
2922,1151,674,16,83,6,22,609.58,350.66,0
2923,1151,674,5,83,6,24,456.09,270.34,0.15
2924,1151,674,1,83,6,13,703.97,529.32,0.05
2925,1151,674,3,83,6,11,827.18,428.42,0
2926,1152,674,15,110,1,20,1365.66,795.97,0.1
2927,1152,674,7,110,1,3,120.11,77.26,0.1
2928,1152,674,9,110,1,25,603.18,339.37,0
2929,1152,674,1,110,1,3,823.52,529.32,0.1
2930,1153,676,2,77,5,17,1719.32,869.25,0
2931,1153,676,12,77,5,25,650.29,395.69,0
2932,1153,676,4,77,5,15,323.12,204.85,0.05
2933,1154,676,3,26,11,3,827.18,428.42,0
2934,1154,676,10,26,11,21,579.74,303.54,0.15
2935,1154,676,21,26,11,17,43.25,23.36,0
2936,1155,676,5,117,4,11,528.23,270.34,0.1
2937,1155,676,1,117,4,22,823.52,529.32,0.15
2938,1155,676,6,117,4,15,441.8,202.95,0
2939,1156,676,10,85,5,24,579.74,303.54,0
2940,1156,676,17,85,5,4,721.87,373.03,0
2941,1156,676,9,85,5,20,583.62,339.37,0.1
2942,1156,676,19,85,5,9,781.31,488.55,0.1
2943,1157,677,21,32,1,8,43.25,23.36,0.15
2944,1158,677,7,100,5,2,120.11,77.26,0
2945,1158,677,4,100,5,21,323.12,204.85,0
2946,1159,677,21,35,6,1,37.11,23.36,0
2947,1159,677,5,35,6,3,528.23,270.34,0.1
2948,1160,678,9,120,10,1,603.18,339.37,0.1
2949,1160,678,21,120,10,15,43.25,23.36,0
2950,1161,678,15,90,8,20,1195.5,795.97,0.15
2951,1161,678,16,90,8,8,609.58,350.66,0.05
2952,1162,678,2,93,7,17,1859.48,869.25,0.1
2953,1162,678,4,93,7,15,323.12,204.85,0
2954,1162,678,19,93,7,21,819.01,488.55,0
2955,1163,678,4,53,7,15,323.12,204.85,0.1
2956,1163,678,13,53,7,3,232.76,113.06,0.15
2957,1163,678,2,53,7,4,1859.48,869.25,0.15
2958,1163,678,11,53,7,6,583.49,372.45,0
2959,1164,679,21,57,2,18,43.25,23.36,0
2960,1164,679,10,57,2,19,579.74,303.54,0
2961,1165,680,5,29,7,12,528.23,270.34,0
2962,1165,680,2,29,7,20,1859.48,869.25,0.1
2963,1166,680,18,16,2,2,36.79,20.77,0.1
2964,1166,680,10,16,2,15,500.26,303.54,0
2965,1166,680,16,16,2,23,609.58,350.66,0.05
2966,1166,680,3,16,2,3,827.18,428.42,0
2967,1167,681,2,10,4,21,1859.48,869.25,0
2968,1167,681,1,10,4,14,823.52,529.32,0
2969,1167,681,8,10,4,21,188.77,93.64,0
2970,1168,681,13,40,12,12,232.76,113.06,0
2971,1168,681,16,40,12,13,561.52,350.66,0
2972,1169,681,19,34,1,3,819.01,488.55,0
2973,1170,681,13,91,11,24,232.76,113.06,0
2974,1170,681,19,91,11,1,819.01,488.55,0.1
2975,1170,681,17,91,11,4,721.87,373.03,0.15
2976,1171,682,17,40,4,7,615.31,373.03,0
2977,1172,682,4,90,8,25,310.89,204.85,0
2978,1172,682,8,90,8,15,175.22,93.64,0
2979,1172,682,21,90,8,22,39.14,23.36,0.1
2980,1172,682,6,90,8,20,441.8,202.95,0
2981,1173,682,11,54,10,18,583.49,372.45,0.05
2982,1174,683,2,30,8,2,1859.48,869.25,0
2983,1174,683,7,30,8,9,110.37,77.26,0
2984,1174,683,1,30,8,6,740.48,529.32,0
2985,1174,683,5,30,8,24,528.23,270.34,0
2986,1175,683,18,67,6,17,36.79,20.77,0.15
2987,1175,683,3,67,6,13,786.92,428.42,0
2988,1175,683,12,67,6,19,650.29,395.69,0
2989,1175,683,15,67,6,2,1365.66,795.97,0.1
2990,1176,683,15,69,4,5,1365.66,795.97,0.05
2991,1177,686,1,63,6,7,823.52,529.32,0.05
2992,1178,686,15,86,10,21,1365.66,795.97,0.1
2993,1178,686,10,86,10,10,579.74,303.54,0
2994,1178,686,3,86,10,7,827.18,428.42,0.05
2995,1178,686,18,86,10,5,36.79,20.77,0
2996,1179,689,10,20,12,12,579.74,303.54,0
2997,1179,689,1,20,12,9,823.52,529.32,0
2998,1180,690,20,30,5,14,61.37,34.35,0
2999,1181,690,3,7,3,8,827.18,428.42,0.15
3000,1182,690,14,113,2,23,1191.81,616.93,0
3001,1182,690,9,113,2,13,603.18,339.37,0.15
3002,1182,690,13,113,2,20,203.36,113.06,0.05
3003,1183,690,8,40,11,16,188.77,93.64,0.05
3004,1183,690,19,40,11,25,819.01,488.55,0
3005,1184,691,1,102,5,16,823.52,529.32,0.05
3006,1184,691,21,102,5,24,37.31,23.36,0
3007,1184,691,14,102,5,10,1191.81,616.93,0
3008,1184,691,18,102,5,13,33.91,20.77,0
3009,1185,691,3,21,3,18,827.18,428.42,0.15
3010,1186,694,4,80,12,22,297.35,204.85,0
3011,1186,694,12,80,12,6,650.29,395.69,0
3012,1187,696,10,60,1,16,502.66,303.54,0
3013,1188,697,4,110,11,21,323.12,204.85,0
3014,1189,697,19,107,6,10,819.01,488.55,0.15
3015,1189,697,14,107,6,5,1025.75,616.93,0
3016,1190,698,14,59,8,6,1191.81,616.93,0.05
3017,1190,698,11,59,8,24,583.49,372.45,0
3018,1190,698,20,59,8,11,67.45,34.35,0
3019,1190,698,16,59,8,15,609.58,350.66,0
3020,1191,698,10,94,8,25,579.74,303.54,0.15
3021,1191,698,2,94,8,4,1859.48,869.25,0
3022,1192,698,3,59,7,15,827.18,428.42,0.15
3023,1192,698,4,59,7,8,323.12,204.85,0
3024,1192,698,17,59,7,13,721.87,373.03,0.1
3025,1192,698,20,59,7,11,67.45,34.35,0
3026,1193,698,15,17,9,2,1261.51,795.97,0
3027,1193,698,4,17,9,18,323.12,204.85,0.05
3028,1194,700,14,109,3,7,1115.9,616.93,0.1
3029,1194,700,11,109,3,19,519.03,372.45,0.1
3030,1195,701,10,73,11,6,579.74,303.54,0.1
3031,1195,701,7,73,11,14,120.11,77.26,0.1
3032,1195,701,8,73,11,1,164.99,93.64,0
3033,1195,701,3,73,11,22,827.18,428.42,0
3034,1196,702,5,114,10,16,452.17,270.34,0
3035,1196,702,14,114,10,14,1191.81,616.93,0
3036,1196,702,2,114,10,3,1859.48,869.25,0
3037,1197,702,18,31,5,13,36.79,20.77,0
3038,1197,702,2,31,5,14,1783.67,869.25,0.15
3039,1197,702,12,31,5,11,650.29,395.69,0
3040,1197,702,14,31,5,3,1035.26,616.93,0
3041,1198,702,14,80,6,22,1191.81,616.93,0.05
3042,1198,702,6,80,6,5,441.8,202.95,0.15
3043,1199,703,20,15,2,23,67.45,34.35,0
3044,1199,703,1,15,2,6,823.52,529.32,0
3045,1199,703,14,15,2,24,1191.81,616.93,0.1
3046,1199,703,3,15,2,10,827.18,428.42,0
3047,1200,703,11,32,4,10,583.49,372.45,0.05
3048,1200,703,8,32,4,9,188.77,93.64,0.15
3049,1200,703,9,32,4,11,603.18,339.37,0
3050,1200,703,18,32,4,20,36.79,20.77,0
3051,1201,703,3,98,5,9,827.18,428.42,0
3052,1201,703,4,98,5,23,323.12,204.85,0
3053,1201,703,11,98,5,17,521.47,372.45,0.05
3054,1202,703,8,34,7,16,174.52,93.64,0
3055,1203,704,6,15,6,16,441.8,202.95,0
3056,1203,704,3,15,6,25,827.18,428.42,0
3057,1203,704,2,15,6,20,1799.15,869.25,0.15
3058,1203,704,13,15,6,7,232.76,113.06,0.1
3059,1204,704,8,77,10,19,188.77,93.64,0.15
3060,1204,704,6,77,10,6,441.8,202.95,0
3061,1205,704,4,25,11,3,323.12,204.85,0.05
3062,1205,704,1,25,11,24,823.52,529.32,0
3063,1205,704,20,25,11,8,59.01,34.35,0.15
3064,1206,707,14,79,10,16,1191.81,616.93,0.15
3065,1206,707,10,79,10,5,579.74,303.54,0
3066,1207,707,6,114,2,1,441.8,202.95,0.15
3067,1208,709,9,56,7,1,564.87,339.37,0
3068,1208,709,5,56,7,25,528.23,270.34,0.05
3069,1208,709,6,56,7,11,441.8,202.95,0
3070,1208,709,12,56,7,25,553.28,395.69,0
3071,1209,709,5,83,3,19,528.23,270.34,0.05
3072,1209,709,19,83,3,17,819.01,488.55,0
3073,1210,710,12,66,6,7,650.29,395.69,0
3074,1210,710,8,66,6,12,188.77,93.64,0.15
3075,1210,710,19,66,6,15,819.01,488.55,0
3076,1210,710,11,66,6,21,531.68,372.45,0.05
3077,1211,711,20,106,7,16,63.93,34.35,0
3078,1211,711,7,106,7,25,102.22,77.26,0
3079,1212,712,2,85,7,25,1665.98,869.25,0.05
3080,1212,712,13,85,7,22,218.04,113.06,0.1
3081,1212,712,17,85,7,9,721.87,373.03,0
3082,1213,712,16,76,1,20,609.58,350.66,0.1
3083,1213,712,6,76,1,20,441.8,202.95,0.05
3084,1213,712,10,76,1,17,579.74,303.54,0.15
3085,1214,712,8,62,5,25,188.77,93.64,0.05
3086,1214,712,18,62,5,12,36.79,20.77,0
3087,1214,712,17,62,5,9,721.87,373.03,0
3088,1215,712,3,57,8,2,827.18,428.42,0
3089,1215,712,10,57,8,23,579.74,303.54,0.1
3090,1215,712,20,57,8,25,67.45,34.35,0.15
3091,1216,713,3,109,1,16,827.18,428.42,0
3092,1217,713,18,45,3,13,36.79,20.77,0
3093,1217,713,20,45,3,12,67.45,34.35,0.05
3094,1218,714,21,7,7,21,43.25,23.36,0.05
3095,1218,714,19,7,7,8,819.01,488.55,0
3096,1219,715,5,18,7,21,528.23,270.34,0
3097,1219,715,12,18,7,16,650.29,395.69,0.1
3098,1219,715,3,18,7,9,827.18,428.42,0
3099,1220,715,7,116,12,12,120.11,77.26,0.15
3100,1220,715,10,116,12,9,579.74,303.54,0.1
3101,1220,715,15,116,12,20,1365.66,795.97,0.05
3102,1221,715,18,36,4,17,36.79,20.77,0.1
3103,1221,715,14,36,4,20,1191.81,616.93,0.1
3104,1222,715,14,6,7,9,1191.81,616.93,0.15
3105,1223,716,7,108,3,10,108.51,77.26,0.05
3106,1223,716,2,108,3,25,1859.48,869.25,0.15
3107,1223,716,13,108,3,20,222.65,113.06,0
3108,1223,716,11,108,3,8,583.49,372.45,0.1
3109,1224,716,20,15,10,7,67.45,34.35,0
3110,1224,716,1,15,10,13,823.52,529.32,0.05
3111,1225,716,20,34,3,6,67.45,34.35,0.15
3112,1225,716,9,34,3,12,603.18,339.37,0.1
3113,1226,717,11,41,6,22,583.49,372.45,0.1
3114,1226,717,5,41,6,6,528.23,270.34,0.05
3115,1227,717,2,119,3,1,1755.62,869.25,0.15
3116,1227,717,19,119,3,6,819.01,488.55,0
3117,1227,717,15,119,3,11,1365.66,795.97,0
3118,1227,717,16,119,3,17,609.58,350.66,0.05
3119,1228,717,12,54,4,2,584.23,395.69,0
3120,1229,717,15,60,4,9,1225.33,795.97,0
3121,1229,717,16,60,4,8,609.58,350.66,0
3122,1229,717,5,60,4,25,528.23,270.34,0.05
3123,1229,717,19,60,4,23,819.01,488.55,0.15
3124,1230,718,20,117,4,8,67.45,34.35,0.15
3125,1231,718,2,29,11,11,1859.48,869.25,0
3126,1231,718,6,29,11,20,441.8,202.95,0
3127,1231,718,15,29,11,10,1365.66,795.97,0
3128,1232,720,18,118,3,3,34.15,20.77,0.15
3129,1233,720,14,89,5,25,1191.81,616.93,0
3130,1233,720,5,89,5,10,528.23,270.34,0
3131,1233,720,13,89,5,10,232.76,113.06,0
3132,1233,720,21,89,5,11,43.25,23.36,0
3133,1234,720,5,17,11,5,528.23,270.34,0.05
3134,1234,720,2,17,11,13,1859.48,869.25,0
3135,1234,720,21,17,11,10,43.25,23.36,0.1
3136,1235,721,21,106,8,16,41.73,23.36,0.1
3137,1236,721,3,102,11,25,827.18,428.42,0.15
3138,1236,721,13,102,11,1,232.76,113.06,0.1
3139,1237,721,1,49,10,6,823.52,529.32,0
3140,1237,721,20,49,10,24,67.45,34.35,0
3141,1238,721,16,76,4,21,609.58,350.66,0.05
3142,1239,722,21,91,2,16,43.25,23.36,0.15
3143,1240,722,21,55,8,14,43.25,23.36,0
3144,1240,722,11,55,8,11,583.49,372.45,0
3145,1240,722,20,55,8,4,67.45,34.35,0.15
3146,1240,722,15,55,8,4,1365.66,795.97,0
3147,1241,723,19,83,10,10,819.01,488.55,0
3148,1242,723,1,34,6,3,802.32,529.32,0.05
3149,1242,723,8,34,6,20,188.77,93.64,0.15
3150,1243,724,17,98,4,7,721.87,373.03,0.15
3151,1243,724,19,98,4,25,819.01,488.55,0
3152,1243,724,14,98,4,10,1191.81,616.93,0.05
3153,1244,724,15,33,10,25,1365.66,795.97,0
3154,1244,724,12,33,10,24,650.29,395.69,0
3155,1244,724,8,33,10,9,188.77,93.64,0
3156,1245,724,16,17,1,18,609.58,350.66,0
3157,1245,724,15,17,1,11,1365.66,795.97,0.05
3158,1246,725,7,72,2,7,120.11,77.26,0
3159,1246,725,14,72,2,16,1074.04,616.93,0.05
3160,1246,725,20,72,2,6,67.45,34.35,0.1
3161,1247,725,5,106,7,17,528.23,270.34,0.15
3162,1247,725,2,106,7,15,1859.48,869.25,0.1
3163,1247,725,6,106,7,4,426.78,202.95,0.15
3164,1247,725,12,106,7,7,650.29,395.69,0.1
3165,1248,725,18,110,11,19,36.79,20.77,0
3166,1249,728,3,113,10,23,827.18,428.42,0
3167,1249,728,2,113,10,18,1859.48,869.25,0.15
3168,1249,728,16,113,10,18,583.82,350.66,0
3169,1249,728,14,113,10,16,1191.81,616.93,0.15
3170,1250,728,12,38,4,12,650.29,395.69,0
3171,1250,728,17,38,4,25,721.87,373.03,0.05
3172,1250,728,21,38,4,3,43.25,23.36,0.05
3173,1251,729,5,32,5,11,528.23,270.34,0
3174,1251,729,1,32,5,18,823.52,529.32,0.1
3175,1251,729,7,32,5,25,120.11,77.26,0.1
3176,1251,729,12,32,5,10,650.29,395.69,0
3177,1252,729,18,60,10,12,36.79,20.77,0.15
3178,1252,729,6,60,10,25,441.8,202.95,0
3179,1253,729,15,117,4,13,1365.66,795.97,0.05
3180,1254,732,20,30,9,9,67.45,34.35,0
3181,1254,732,12,30,9,20,650.29,395.69,0.1
3182,1254,732,17,30,9,15,721.87,373.03,0.05
3183,1254,732,21,30,9,1,43.25,23.36,0.15
3184,1255,732,8,104,1,11,188.77,93.64,0
3185,1255,732,7,104,1,24,120.11,77.26,0.1
3186,1256,733,5,62,10,8,528.23,270.34,0
3187,1256,733,7,62,10,6,120.11,77.26,0
3188,1256,733,20,62,10,7,67.45,34.35,0.1
3189,1256,733,16,62,10,21,609.58,350.66,0
3190,1257,733,20,91,10,25,67.45,34.35,0.1
3191,1258,734,16,101,10,8,609.58,350.66,0
3192,1258,734,11,101,10,13,583.49,372.45,0
3193,1258,734,14,101,10,2,1191.81,616.93,0.1
3194,1258,734,18,101,10,9,36.79,20.77,0
3195,1259,734,11,16,9,5,583.49,372.45,0
3196,1260,734,2,27,7,20,1859.48,869.25,0
3197,1260,734,21,27,7,23,43.25,23.36,0.1
3198,1260,734,9,27,7,6,532.1,339.37,0
3199,1261,734,1,117,12,18,723.82,529.32,0
3200,1261,734,15,117,12,8,1365.66,795.97,0
3201,1261,734,7,117,12,21,120.11,77.26,0
3202,1261,734,12,117,12,7,636.21,395.69,0
3203,1262,735,1,87,4,1,823.52,529.32,0.15
3204,1262,735,21,87,4,25,43.25,23.36,0.05
3205,1263,736,2,113,2,10,1859.48,869.25,0
3206,1263,736,10,113,2,18,579.74,303.54,0
3207,1263,736,5,113,2,21,528.23,270.34,0
3208,1264,738,7,79,6,6,120.11,77.26,0
3209,1264,738,8,79,6,10,188.77,93.64,0.15
3210,1264,738,17,79,6,9,721.87,373.03,0
3211,1264,738,6,79,6,11,441.8,202.95,0.1
3212,1265,738,8,72,11,22,188.77,93.64,0
3213,1266,739,19,102,5,17,819.01,488.55,0.1
3214,1266,739,21,102,5,16,43.25,23.36,0.05
3215,1266,739,2,102,5,16,1734.11,869.25,0
3216,1267,740,16,49,12,15,609.58,350.66,0.05
3217,1268,740,12,29,7,2,650.29,395.69,0.15
3218,1269,740,1,77,7,18,805.36,529.32,0.05
3219,1269,740,14,77,7,4,1191.81,616.93,0
3220,1270,740,14,85,6,22,1191.81,616.93,0.05
3221,1270,740,18,85,6,23,36.79,20.77,0
3222,1271,741,20,27,5,3,57.73,34.35,0
3223,1272,741,9,114,6,11,560.33,339.37,0.05
3224,1272,741,15,114,6,22,1365.66,795.97,0
3225,1272,741,2,114,6,25,1690.08,869.25,0
3226,1273,741,7,84,5,10,120.11,77.26,0
3227,1274,741,14,92,8,2,1191.81,616.93,0
3228,1274,741,10,92,8,3,579.74,303.54,0.05
3229,1274,741,1,92,8,13,751.37,529.32,0.05
3230,1274,741,5,92,8,6,528.23,270.34,0.05
3231,1275,742,3,10,6,3,827.18,428.42,0.05
3232,1275,742,12,10,6,17,650.29,395.69,0
3233,1275,742,2,10,6,7,1859.48,869.25,0.05
3234,1275,742,7,10,6,11,120.11,77.26,0.05
3235,1276,742,12,24,1,1,650.29,395.69,0.05
3236,1276,742,14,24,1,24,1191.81,616.93,0
3237,1277,744,20,11,10,12,62.68,34.35,0.05
3238,1277,744,12,11,10,25,650.29,395.69,0.1
3239,1278,744,10,62,11,15,558.62,303.54,0.15
3240,1278,744,12,62,11,7,650.29,395.69,0
3241,1278,744,20,62,11,21,67.45,34.35,0.05
3242,1279,744,5,49,9,19,528.23,270.34,0.1
3243,1279,744,4,49,9,17,323.12,204.85,0
3244,1280,744,21,12,4,16,43.25,23.36,0.1
3245,1280,744,17,12,4,20,721.87,373.03,0.05
3246,1280,744,18,12,4,10,36.79,20.77,0
3247,1280,744,12,12,4,9,615.22,395.69,0.05
3248,1281,745,15,55,10,16,1365.66,795.97,0.15
3249,1281,745,11,55,10,15,583.49,372.45,0.15
3250,1281,745,3,55,10,24,827.18,428.42,0.05
3251,1282,745,13,22,2,1,213.29,113.06,0.15
3252,1282,745,11,22,2,20,516.32,372.45,0.05
3253,1282,745,16,22,2,10,609.58,350.66,0.15
3254,1283,745,16,111,4,15,609.58,350.66,0
3255,1283,745,11,111,4,10,583.49,372.45,0
3256,1284,745,17,43,3,22,721.87,373.03,0.05
3257,1284,745,20,43,3,18,63.6,34.35,0.1
3258,1285,746,4,11,6,6,323.12,204.85,0.15
3259,1286,746,5,75,1,13,528.23,270.34,0.15
3260,1287,749,10,25,7,12,579.74,303.54,0
3261,1287,749,16,25,7,24,609.58,350.66,0
3262,1287,749,9,25,7,1,603.18,339.37,0.1
3263,1288,749,21,101,11,14,43.25,23.36,0
3264,1288,749,2,101,11,14,1648.68,869.25,0.1
3265,1288,749,8,101,11,4,182.93,93.64,0
3266,1289,749,6,98,6,20,441.8,202.95,0
3267,1289,749,2,98,6,2,1608.61,869.25,0.1
3268,1290,750,19,69,1,21,819.01,488.55,0.1
3269,1290,750,12,69,1,4,605.61,395.69,0
3270,1290,750,4,69,1,24,306.14,204.85,0
3271,1291,750,13,43,7,19,216.19,113.06,0
3272,1291,750,1,43,7,15,823.52,529.32,0.1
3273,1291,750,8,43,7,2,188.77,93.64,0
3274,1292,750,20,96,7,20,63.08,34.35,0
3275,1292,750,11,96,7,1,583.49,372.45,0.1
3276,1292,750,16,96,7,12,563.55,350.66,0.05
3277,1293,750,3,34,7,17,827.18,428.42,0.1
3278,1293,750,17,34,7,16,721.87,373.03,0
3279,1293,750,21,34,7,7,43.25,23.36,0
3280,1294,751,8,39,7,7,188.77,93.64,0.1
3281,1294,751,16,39,7,22,609.58,350.66,0
3282,1294,751,6,39,7,5,441.8,202.95,0
3283,1294,751,12,39,7,20,650.29,395.69,0.05
3284,1295,751,21,71,3,9,43.25,23.36,0
3285,1295,751,11,71,3,19,583.49,372.45,0
3286,1295,751,19,71,3,21,819.01,488.55,0.1
3287,1295,751,8,71,3,1,188.77,93.64,0.1
3288,1296,751,16,5,11,16,551.63,350.66,0.15
3289,1296,751,17,5,11,14,721.87,373.03,0
3290,1296,751,15,5,11,22,1365.66,795.97,0.05
3291,1297,752,21,75,12,16,40.99,23.36,0.1
3292,1297,752,1,75,12,8,823.52,529.32,0
3293,1297,752,8,75,12,11,188.77,93.64,0.1
3294,1298,752,7,32,7,2,110.23,77.26,0.15
3295,1298,752,4,32,7,19,323.12,204.85,0.05
3296,1299,753,13,97,6,9,232.76,113.06,0.1
3297,1299,753,15,97,6,9,1227.03,795.97,0.05
3298,1299,753,14,97,6,11,1191.81,616.93,0.15
3299,1299,753,18,97,6,25,36.79,20.77,0.1
3300,1300,753,13,58,4,7,232.76,113.06,0.15
3301,1301,753,6,4,3,16,441.8,202.95,0
3302,1301,753,21,4,3,13,37.46,23.36,0
3303,1302,754,4,40,2,25,323.12,204.85,0.15
3304,1303,754,10,32,3,11,579.74,303.54,0
3305,1304,754,16,20,9,22,528.79,350.66,0
3306,1304,754,5,20,9,4,461.33,270.34,0.1
3307,1304,754,17,20,9,13,721.87,373.03,0.1
3308,1305,755,2,96,12,12,1859.48,869.25,0
3309,1305,755,5,96,12,9,528.23,270.34,0
3310,1305,755,11,96,12,6,583.49,372.45,0.05
3311,1306,756,4,39,4,12,323.12,204.85,0
3312,1307,756,20,61,10,12,64.49,34.35,0.1
3313,1307,756,1,61,10,22,823.52,529.32,0
3314,1307,756,12,61,10,6,650.29,395.69,0
3315,1308,757,16,73,11,23,527.03,350.66,0
3316,1308,757,5,73,11,24,497.67,270.34,0
3317,1308,757,8,73,11,24,188.77,93.64,0.15
3318,1309,757,21,117,3,10,43.25,23.36,0.05
3319,1309,757,11,117,3,8,543.03,372.45,0
3320,1309,757,16,117,3,13,567.82,350.66,0
3321,1309,757,8,117,3,2,188.77,93.64,0
3322,1310,757,6,115,1,5,441.8,202.95,0
3323,1311,757,3,58,11,10,827.18,428.42,0
3324,1311,757,18,58,11,8,36.79,20.77,0.15
3325,1311,757,16,58,11,22,587.8,350.66,0
3326,1311,757,6,58,11,12,441.8,202.95,0.15
3327,1312,759,2,54,2,17,1859.48,869.25,0
3328,1312,759,16,54,2,10,609.58,350.66,0.15
3329,1312,759,9,54,2,9,603.18,339.37,0.15
3330,1312,759,4,54,2,13,323.12,204.85,0
3331,1313,759,16,33,11,18,609.58,350.66,0.15
3332,1313,759,17,33,11,16,721.87,373.03,0
3333,1313,759,11,33,11,7,555.47,372.45,0.05
3334,1313,759,12,33,11,18,622.71,395.69,0
3335,1314,759,1,58,10,3,823.52,529.32,0.15
3336,1315,760,12,57,5,18,552.8,395.69,0
3337,1315,760,2,57,5,18,1859.48,869.25,0.05
3338,1316,760,7,92,1,4,120.11,77.26,0
3339,1317,760,7,13,6,13,120.11,77.26,0.1
3340,1317,760,17,13,6,24,721.87,373.03,0
3341,1317,760,2,13,6,21,1859.48,869.25,0.15
3342,1317,760,12,13,6,24,650.29,395.69,0
3343,1318,762,1,116,8,24,823.52,529.32,0
3344,1319,763,11,12,1,4,527.88,372.45,0
3345,1319,763,18,12,1,10,36.79,20.77,0.1
3346,1319,763,5,12,1,5,512.37,270.34,0.1
3347,1319,763,19,12,1,4,819.01,488.55,0
3348,1320,763,2,7,8,23,1811.58,869.25,0
3349,1320,763,1,7,8,13,792.71,529.32,0
3350,1320,763,7,7,8,2,120.11,77.26,0
3351,1320,763,5,7,8,11,490.92,270.34,0
3352,1321,763,10,51,6,17,519.67,303.54,0.1
3353,1321,763,14,51,6,23,1191.81,616.93,0.05
3354,1322,764,17,16,1,22,721.87,373.03,0.1
3355,1323,765,4,109,6,13,323.12,204.85,0
3356,1323,765,14,109,6,16,1191.81,616.93,0
3357,1324,765,9,110,3,10,603.18,339.37,0
3358,1324,765,18,110,3,17,36.79,20.77,0.15
3359,1324,765,21,110,3,16,43.25,23.36,0.1
3360,1324,765,2,110,3,14,1859.48,869.25,0.15
3361,1325,767,17,10,11,4,721.87,373.03,0
3362,1325,767,3,10,11,21,827.18,428.42,0.15
3363,1325,767,2,10,11,2,1859.48,869.25,0.1
3364,1326,767,11,37,5,25,583.49,372.45,0.05
3365,1327,767,14,61,2,23,1191.81,616.93,0
3366,1327,767,13,61,2,16,232.76,113.06,0
3367,1327,767,9,61,2,11,603.18,339.37,0
3368,1328,768,6,91,10,23,441.8,202.95,0
3369,1328,768,5,91,10,23,528.23,270.34,0.05
3370,1329,768,5,27,2,5,528.23,270.34,0
3371,1329,768,12,27,2,25,650.29,395.69,0.05
3372,1329,768,2,27,2,15,1859.48,869.25,0
3373,1329,768,3,27,2,9,827.18,428.42,0
3374,1330,769,6,41,8,25,406.58,202.95,0
3375,1330,769,7,41,8,7,120.11,77.26,0.15
3376,1330,769,8,41,8,5,188.77,93.64,0
3377,1331,769,17,119,9,6,721.87,373.03,0
3378,1331,769,16,119,9,22,555.8,350.66,0
3379,1331,769,19,119,9,3,697.33,488.55,0
3380,1332,771,3,90,2,13,827.18,428.42,0.1
3381,1332,771,10,90,2,1,579.74,303.54,0.1
3382,1332,771,20,90,2,2,67.45,34.35,0.1
3383,1332,771,17,90,2,13,721.87,373.03,0.15
3384,1333,774,19,76,10,15,819.01,488.55,0.15
3385,1333,774,11,76,10,18,538.73,372.45,0.15
3386,1333,774,14,76,10,23,1191.81,616.93,0.15
3387,1334,774,8,14,8,10,188.77,93.64,0.05
3388,1334,774,7,14,8,14,120.11,77.26,0
3389,1334,774,11,14,8,11,513.16,372.45,0
3390,1334,774,5,14,8,21,497.43,270.34,0
3391,1335,775,5,35,12,10,528.23,270.34,0
3392,1335,775,9,35,12,8,603.18,339.37,0.05
3393,1335,775,19,35,12,14,819.01,488.55,0.05
3394,1336,775,15,105,4,13,1277.9,795.97,0.05
3395,1337,775,16,75,5,8,527.58,350.66,0
3396,1337,775,10,75,5,4,579.74,303.54,0
3397,1337,775,14,75,5,20,1191.81,616.93,0.15
3398,1338,776,17,4,6,5,704.08,373.03,0
3399,1338,776,14,4,6,8,1191.81,616.93,0
3400,1338,776,20,4,6,21,67.45,34.35,0
3401,1338,776,8,4,6,18,188.77,93.64,0
3402,1339,777,6,101,4,24,419.56,202.95,0.1
3403,1339,777,7,101,4,4,120.11,77.26,0.1
3404,1339,777,2,101,4,7,1859.48,869.25,0.15
3405,1340,777,13,68,1,8,200.6,113.06,0
3406,1340,777,8,68,1,18,188.77,93.64,0.1
3407,1340,777,9,68,1,6,603.18,339.37,0
3408,1340,777,2,68,1,9,1859.48,869.25,0
3409,1341,777,21,35,2,8,43.25,23.36,0
3410,1341,777,14,35,2,6,1191.81,616.93,0.1
3411,1341,777,19,35,2,24,819.01,488.55,0
3412,1342,778,14,22,1,6,1119.84,616.93,0
3413,1342,778,3,22,1,10,723.66,428.42,0.1
3414,1342,778,19,22,1,11,819.01,488.55,0.05
3415,1342,778,17,22,1,11,721.87,373.03,0.05
3416,1343,778,9,73,11,12,560.39,339.37,0.05
3417,1343,778,7,73,11,19,116.16,77.26,0.15
3418,1343,778,19,73,11,13,819.01,488.55,0.1
3419,1343,778,3,73,11,22,827.18,428.42,0.05
3420,1344,779,12,88,9,22,650.29,395.69,0
3421,1344,779,11,88,9,15,583.49,372.45,0.1
3422,1344,779,19,88,9,11,819.01,488.55,0
3423,1345,779,20,3,12,8,60.39,34.35,0.15
3424,1345,779,10,3,12,17,579.74,303.54,0.05
3425,1345,779,1,3,12,9,823.52,529.32,0.1
3426,1345,779,2,3,12,8,1859.48,869.25,0.15
3427,1346,780,16,70,7,6,609.58,350.66,0
3428,1346,780,9,70,7,15,603.18,339.37,0
3429,1347,780,11,84,7,8,564.3,372.45,0.05
3430,1347,780,7,84,7,6,120.11,77.26,0
3431,1347,780,21,84,7,22,37.41,23.36,0.05
3432,1347,780,17,84,7,23,721.87,373.03,0
3433,1348,781,11,27,8,13,545.44,372.45,0.05
3434,1348,781,1,27,8,22,823.52,529.32,0
3435,1348,781,2,27,8,13,1652.97,869.25,0
3436,1348,781,6,27,8,12,441.8,202.95,0.15
3437,1349,783,10,29,9,1,506.41,303.54,0.15
3438,1349,783,11,29,9,21,583.49,372.45,0
3439,1349,783,21,29,9,4,43.25,23.36,0
3440,1350,783,19,43,2,18,760.57,488.55,0
3441,1351,784,19,68,10,7,819.01,488.55,0.1
3442,1351,784,12,68,10,16,600.15,395.69,0
3443,1351,784,1,68,10,1,823.52,529.32,0.05
3444,1352,784,7,3,8,20,120.11,77.26,0
3445,1352,784,14,3,8,4,1191.81,616.93,0
3446,1352,784,8,3,8,23,188.77,93.64,0
3447,1353,784,17,44,12,20,721.87,373.03,0
3448,1353,784,4,44,12,1,323.12,204.85,0
3449,1353,784,7,44,12,17,110.97,77.26,0
3450,1353,784,18,44,12,23,36.79,20.77,0
3451,1354,784,11,59,12,11,506.85,372.45,0.05
3452,1355,785,17,84,11,1,721.87,373.03,0
3453,1355,785,9,84,11,7,603.18,339.37,0.05
3454,1356,785,18,60,6,23,36.79,20.77,0.15
3455,1357,785,21,63,7,21,43.25,23.36,0
3456,1357,785,9,63,7,1,603.18,339.37,0
3457,1358,787,12,32,4,11,650.29,395.69,0.1
3458,1358,787,20,32,4,14,67.45,34.35,0
3459,1358,787,3,32,4,16,827.18,428.42,0.05
3460,1359,787,9,53,2,7,603.18,339.37,0
3461,1359,787,3,53,2,9,710.98,428.42,0
3462,1359,787,11,53,2,13,504.02,372.45,0.15
3463,1360,788,1,8,7,4,823.52,529.32,0.1
3464,1360,788,12,8,7,25,650.29,395.69,0
3465,1360,788,6,8,7,16,418.61,202.95,0.1
3466,1360,788,4,8,7,24,323.12,204.85,0.1
3467,1361,788,20,2,2,1,62.95,34.35,0.05
3468,1362,788,14,82,3,16,1191.81,616.93,0
3469,1362,788,6,82,3,4,441.8,202.95,0
3470,1363,789,1,103,3,22,791.27,529.32,0.1
3471,1363,789,4,103,3,22,313.55,204.85,0
3472,1363,789,14,103,3,25,1191.81,616.93,0
3473,1364,789,9,30,12,22,603.18,339.37,0
3474,1364,789,17,30,12,4,721.87,373.03,0.05
3475,1365,789,2,94,2,8,1859.48,869.25,0.15
3476,1365,789,19,94,2,11,819.01,488.55,0.05
3477,1365,789,21,94,2,11,43.25,23.36,0
3478,1366,789,9,16,11,14,603.18,339.37,0
3479,1366,789,14,16,11,23,1191.81,616.93,0.05
3480,1367,790,2,94,11,18,1859.48,869.25,0
3481,1367,790,8,94,11,16,188.77,93.64,0
3482,1367,790,11,94,11,3,583.49,372.45,0.05
3483,1367,790,4,94,11,13,276.14,204.85,0.15
3484,1368,791,17,28,5,22,721.87,373.03,0
3485,1368,791,9,28,5,24,603.18,339.37,0.15
3486,1368,791,14,28,5,14,1069.9,616.93,0.15
3487,1368,791,21,28,5,24,43.25,23.36,0
3488,1369,791,6,45,3,2,409.09,202.95,0.05
3489,1369,791,4,45,3,19,323.12,204.85,0
3490,1369,791,11,45,3,14,583.49,372.45,0
3491,1370,791,21,23,3,15,42.37,23.36,0
3492,1371,792,9,12,9,15,582.64,339.37,0
3493,1371,792,7,12,9,3,120.11,77.26,0
3494,1371,792,4,12,9,22,323.12,204.85,0.15
3495,1372,796,3,16,4,3,827.18,428.42,0
3496,1372,796,8,16,4,10,188.77,93.64,0.15
3497,1372,796,10,16,4,21,579.74,303.54,0
3498,1373,796,12,106,11,21,590.57,395.69,0
3499,1374,796,19,71,10,10,819.01,488.55,0.15
3500,1374,796,20,71,10,15,67.45,34.35,0
3501,1374,796,2,71,10,9,1859.48,869.25,0.15
3502,1374,796,1,71,10,15,823.52,529.32,0
3503,1375,796,17,94,10,8,721.87,373.03,0
3504,1376,797,1,103,10,25,823.52,529.32,0.1
3505,1376,797,18,103,10,21,36.79,20.77,0.1
3506,1376,797,5,103,10,25,528.23,270.34,0
3507,1377,797,19,67,6,17,819.01,488.55,0
3508,1378,797,14,64,8,13,1191.81,616.93,0.15
3509,1378,797,18,64,8,21,36.79,20.77,0.1
3510,1378,797,13,64,8,2,232.76,113.06,0.05
3511,1379,798,8,13,8,22,188.77,93.64,0.15
3512,1380,798,7,61,9,16,120.11,77.26,0
3513,1380,798,14,61,9,18,1191.81,616.93,0
3514,1380,798,8,61,9,4,188.77,93.64,0.15
3515,1381,798,10,111,3,11,579.74,303.54,0
3516,1381,798,5,111,3,17,528.23,270.34,0.05
3517,1381,798,14,111,3,4,1191.81,616.93,0.15
3518,1382,798,3,116,5,5,744.54,428.42,0
3519,1382,798,12,116,5,9,650.29,395.69,0.15
3520,1382,798,21,116,5,22,43.25,23.36,0
3521,1382,798,9,116,5,1,603.18,339.37,0.1
3522,1383,799,20,104,12,17,67.45,34.35,0.1
3523,1384,799,3,112,5,4,760.24,428.42,0.05
3524,1384,799,7,112,5,17,120.11,77.26,0.15
3525,1384,799,2,112,5,7,1736.03,869.25,0.05
3526,1384,799,5,112,5,10,528.23,270.34,0
3527,1385,799,17,56,8,5,721.87,373.03,0.05
3528,1385,799,13,56,8,13,210.54,113.06,0.1
3529,1385,799,1,56,8,15,823.52,529.32,0.15
3530,1385,799,20,56,8,23,67.45,34.35,0
3531,1386,801,17,94,5,20,721.87,373.03,0
3532,1386,801,1,94,5,8,823.52,529.32,0
3533,1386,801,16,94,5,3,609.58,350.66,0
3534,1387,801,2,110,1,15,1859.48,869.25,0
3535,1387,801,6,110,1,20,399.84,202.95,0
3536,1387,801,11,110,1,16,583.49,372.45,0
3537,1388,802,14,59,3,23,1191.81,616.93,0
3538,1388,802,3,59,3,5,827.18,428.42,0
3539,1388,802,8,59,3,7,188.77,93.64,0.15
3540,1389,802,11,107,2,21,583.49,372.45,0
3541,1389,802,12,107,2,14,650.29,395.69,0.15
3542,1389,802,10,107,2,22,579.74,303.54,0
3543,1390,803,16,57,11,13,609.58,350.66,0
3544,1390,803,11,57,11,8,583.49,372.45,0
3545,1391,804,16,70,3,3,609.58,350.66,0
3546,1391,804,3,70,3,19,738.58,428.42,0.05
3547,1391,804,15,70,3,12,1365.66,795.97,0.05
3548,1392,804,12,70,9,25,650.29,395.69,0.05
3549,1392,804,14,70,9,21,1191.81,616.93,0
3550,1393,805,1,23,7,13,823.52,529.32,0.05
3551,1393,805,4,23,7,18,323.12,204.85,0
3552,1393,805,18,23,7,11,36.79,20.77,0.1
3553,1393,805,11,23,7,23,583.49,372.45,0
3554,1394,805,14,4,12,19,1191.81,616.93,0
3555,1394,805,21,4,12,8,43.25,23.36,0.1
3556,1394,805,18,4,12,4,36.79,20.77,0
3557,1395,807,9,104,2,2,603.18,339.37,0.1
3558,1395,807,3,104,2,17,827.18,428.42,0.15
3559,1396,807,2,76,12,23,1859.48,869.25,0.15
3560,1396,807,19,76,12,13,819.01,488.55,0
3561,1396,807,13,76,12,14,232.76,113.06,0.1
3562,1396,807,15,76,12,8,1365.66,795.97,0
3563,1397,808,9,40,8,13,552.93,339.37,0.15
3564,1397,808,20,40,8,8,67.45,34.35,0
3565,1397,808,11,40,8,13,583.49,372.45,0
3566,1398,808,3,15,3,2,827.18,428.42,0
3567,1398,808,11,15,3,13,583.49,372.45,0
3568,1399,808,2,32,3,11,1859.48,869.25,0
3569,1399,808,6,32,3,2,441.8,202.95,0
3570,1399,808,9,32,3,25,603.18,339.37,0
3571,1399,808,14,32,3,24,1191.81,616.93,0
3572,1400,809,8,103,10,19,188.77,93.64,0
3573,1400,809,19,103,10,17,819.01,488.55,0
3574,1400,809,7,103,10,22,120.11,77.26,0.1
3575,1400,809,6,103,10,21,441.8,202.95,0.05
3576,1401,809,17,40,12,9,667.24,373.03,0.15
3577,1402,810,11,84,8,13,583.49,372.45,0.05
3578,1403,813,19,72,11,23,731.86,488.55,0
3579,1403,813,21,72,11,1,43.25,23.36,0
3580,1404,813,12,77,4,9,650.29,395.69,0
3581,1404,813,11,77,4,6,583.49,372.45,0
3582,1404,813,15,77,4,4,1365.66,795.97,0
3583,1404,813,1,77,4,25,796.09,529.32,0
3584,1405,813,15,109,1,8,1365.66,795.97,0.15
3585,1405,813,21,109,1,16,43.25,23.36,0.15
3586,1406,814,10,38,4,10,579.74,303.54,0
3587,1406,814,7,38,4,2,120.11,77.26,0.1
3588,1406,814,12,38,4,24,650.29,395.69,0.1
3589,1407,816,15,115,2,16,1365.66,795.97,0
3590,1407,816,20,115,2,17,67.45,34.35,0
3591,1407,816,2,115,2,12,1750.95,869.25,0.15
3592,1407,816,8,115,2,9,188.77,93.64,0.1
3593,1408,816,21,52,10,2,40.41,23.36,0
3594,1409,818,17,5,2,24,721.87,373.03,0.15
3595,1409,818,15,5,2,16,1365.66,795.97,0
3596,1410,819,11,5,9,22,583.49,372.45,0.1
3597,1410,819,1,5,9,19,823.52,529.32,0
3598,1410,819,10,5,9,15,501.61,303.54,0
3599,1411,819,6,110,6,3,441.8,202.95,0.15
3600,1412,819,9,100,4,15,603.18,339.37,0
3601,1412,819,8,100,4,17,188.77,93.64,0
3602,1412,819,18,100,4,15,36.79,20.77,0
3603,1412,819,15,100,4,4,1365.66,795.97,0.1
3604,1413,819,17,45,8,2,721.87,373.03,0.15
3605,1413,819,5,45,8,4,528.23,270.34,0
3606,1413,819,4,45,8,1,323.12,204.85,0.1
3607,1414,820,9,76,9,21,603.18,339.37,0
3608,1414,820,8,76,9,2,188.77,93.64,0
3609,1414,820,18,76,9,2,36.79,20.77,0
3610,1415,820,2,90,10,7,1765.73,869.25,0.15
3611,1415,820,19,90,10,5,819.01,488.55,0
3612,1416,821,8,48,5,2,188.77,93.64,0.05
3613,1416,821,6,48,5,22,441.8,202.95,0
3614,1417,821,12,54,9,3,650.29,395.69,0.05
3615,1417,821,15,54,9,18,1365.66,795.97,0
3616,1417,821,20,54,9,22,67.45,34.35,0
3617,1417,821,4,54,9,2,323.12,204.85,0.05
3618,1418,821,20,109,7,3,67.45,34.35,0.1
3619,1418,821,16,109,7,24,609.58,350.66,0
3620,1418,821,4,109,7,7,302.88,204.85,0.1
3621,1419,822,11,49,5,1,526.41,372.45,0
3622,1419,822,7,49,5,11,120.11,77.26,0.15
3623,1420,822,11,115,8,24,583.49,372.45,0
3624,1420,822,13,115,8,8,211.31,113.06,0.15
3625,1420,822,16,115,8,17,575.55,350.66,0.15
3626,1421,822,13,17,12,1,232.76,113.06,0
3627,1421,822,17,17,12,19,721.87,373.03,0.15
3628,1421,822,11,17,12,11,515.44,372.45,0.1
3629,1421,822,16,17,12,18,525.11,350.66,0.1
3630,1422,824,15,57,3,4,1365.66,795.97,0
3631,1422,824,8,57,3,3,188.77,93.64,0.15
3632,1422,824,10,57,3,23,496.54,303.54,0
3633,1423,824,15,115,4,10,1365.66,795.97,0.15
3634,1423,824,18,115,4,7,36.79,20.77,0.1
3635,1424,824,18,40,9,2,35.79,20.77,0
3636,1424,824,16,40,9,8,609.58,350.66,0
3637,1425,825,17,42,8,9,721.87,373.03,0
3638,1425,825,10,42,8,4,579.74,303.54,0
3639,1426,825,17,116,4,3,688.14,373.03,0
3640,1427,825,7,2,5,3,120.11,77.26,0
3641,1427,825,18,2,5,6,36.79,20.77,0
3642,1427,825,19,2,5,2,819.01,488.55,0
3643,1428,826,18,4,6,15,31.65,20.77,0.05
3644,1428,826,13,4,6,21,220.8,113.06,0.05
3645,1429,826,6,91,2,3,441.8,202.95,0.1
3646,1429,826,15,91,2,24,1251.19,795.97,0.15
3647,1430,828,4,65,11,10,323.12,204.85,0
3648,1430,828,10,65,11,7,565.82,303.54,0.15
3649,1430,828,17,65,11,18,697.42,373.03,0.1
3650,1430,828,15,65,11,18,1365.66,795.97,0.05
3651,1431,829,16,87,8,25,594.53,350.66,0
3652,1432,832,18,44,12,19,36.79,20.77,0
3653,1432,832,9,44,12,3,603.18,339.37,0.15
3654,1433,832,18,47,3,12,36.79,20.77,0.15
3655,1433,832,14,47,3,1,1191.81,616.93,0
3656,1434,832,1,89,7,24,707.3,529.32,0
3657,1434,832,18,89,7,10,36.79,20.77,0.15
3658,1435,833,20,35,8,8,67.45,34.35,0
3659,1435,833,5,35,8,17,528.23,270.34,0.15
3660,1435,833,12,35,8,5,650.29,395.69,0.1
3661,1436,833,18,93,10,7,32.31,20.77,0
3662,1436,833,10,93,10,14,579.74,303.54,0
3663,1437,834,1,54,1,9,823.52,529.32,0.15
3664,1438,834,15,120,2,11,1365.66,795.97,0.05
3665,1438,834,2,120,2,15,1859.48,869.25,0.05
3666,1439,834,10,76,8,22,579.74,303.54,0.05
3667,1439,834,2,76,8,13,1859.48,869.25,0
3668,1439,834,13,76,8,14,232.76,113.06,0
3669,1439,834,7,76,8,3,120.11,77.26,0.1
3670,1440,835,15,110,1,13,1365.66,795.97,0
3671,1441,835,10,112,1,11,565.44,303.54,0
3672,1441,835,1,112,1,4,823.52,529.32,0.1
3673,1441,835,19,112,1,1,819.01,488.55,0.15
3674,1441,835,20,112,1,15,67.45,34.35,0
3675,1442,836,11,19,12,25,544.53,372.45,0
3676,1443,836,7,84,1,1,120.11,77.26,0.1
3677,1443,836,3,84,1,24,718.63,428.42,0.05
3678,1444,836,12,65,1,2,650.29,395.69,0.1
3679,1444,836,7,65,1,23,120.11,77.26,0
3680,1445,837,2,68,9,14,1859.48,869.25,0.15
3681,1446,837,20,17,1,11,67.45,34.35,0
3682,1447,837,7,11,6,7,120.11,77.26,0.05
3683,1448,837,14,59,12,20,1062.37,616.93,0.1
3684,1448,837,19,59,12,3,819.01,488.55,0.05
3685,1448,837,10,59,12,16,579.74,303.54,0
3686,1448,837,4,59,12,15,323.12,204.85,0
3687,1449,838,14,10,7,3,1018.89,616.93,0.1
3688,1449,838,13,10,7,5,232.76,113.06,0.1
3689,1449,838,8,10,7,5,188.77,93.64,0
3690,1449,838,19,10,7,16,819.01,488.55,0.1
3691,1450,838,9,79,2,5,603.18,339.37,0.05
3692,1450,838,6,79,2,19,441.8,202.95,0
3693,1450,838,15,79,2,16,1365.66,795.97,0
3694,1451,838,5,48,6,15,528.23,270.34,0
3695,1451,838,17,48,6,14,721.87,373.03,0
3696,1451,838,14,48,6,20,1191.81,616.93,0.05
3697,1451,838,15,48,6,23,1365.66,795.97,0
3698,1452,839,19,18,10,5,819.01,488.55,0.1
3699,1452,839,20,18,10,4,67.45,34.35,0.05
3700,1452,839,7,18,10,25,103.29,77.26,0.05
3701,1453,839,16,65,10,3,609.58,350.66,0.1
3702,1453,839,11,65,10,5,583.49,372.45,0.15
3703,1453,839,1,65,10,3,823.52,529.32,0.05
3704,1454,839,4,116,6,18,323.12,204.85,0
3705,1454,839,7,116,6,10,120.11,77.26,0.05
3706,1454,839,8,116,6,3,188.77,93.64,0.15
3707,1455,842,11,106,12,23,583.49,372.45,0
3708,1455,842,2,106,12,5,1859.48,869.25,0.05
3709,1456,842,20,96,12,25,67.45,34.35,0.15
3710,1456,842,18,96,12,6,36.79,20.77,0.15
3711,1457,842,1,93,11,6,774.06,529.32,0.15
3712,1457,842,15,93,11,13,1365.66,795.97,0
3713,1457,842,11,93,11,25,551.74,372.45,0.1
3714,1458,843,21,37,11,11,43.25,23.36,0.05
3715,1458,843,14,37,11,13,1191.81,616.93,0.15
3716,1458,843,19,37,11,25,819.01,488.55,0
3717,1458,843,2,37,11,3,1859.48,869.25,0
3718,1459,844,9,78,10,1,536.63,339.37,0
3719,1460,844,12,21,12,15,650.29,395.69,0.05
3720,1461,844,6,52,7,3,441.8,202.95,0
3721,1461,844,8,52,7,19,188.77,93.64,0
3722,1461,844,20,52,7,23,67.45,34.35,0.05
3723,1462,845,8,40,1,8,188.77,93.64,0.15
3724,1462,845,14,40,1,11,1191.81,616.93,0
3725,1463,845,2,100,1,3,1859.48,869.25,0
3726,1464,845,19,59,12,4,788.57,488.55,0.15
3727,1464,845,20,59,12,24,67.45,34.35,0
3728,1464,845,6,59,12,25,441.8,202.95,0.1
3729,1464,845,17,59,12,13,721.87,373.03,0
3730,1465,845,17,100,11,24,721.87,373.03,0
3731,1465,845,19,100,11,22,819.01,488.55,0.15
3732,1466,846,4,114,8,24,323.12,204.85,0.1
3733,1467,846,6,45,12,21,441.8,202.95,0.05
3734,1467,846,18,45,12,3,36.79,20.77,0.05
3735,1468,848,6,63,7,19,441.8,202.95,0.05
3736,1468,848,11,63,7,7,583.49,372.45,0
3737,1468,848,12,63,7,9,650.29,395.69,0.1
3738,1469,848,18,65,8,21,36.79,20.77,0
3739,1469,848,4,65,8,1,323.12,204.85,0
3740,1469,848,19,65,8,9,819.01,488.55,0
3741,1469,848,15,65,8,14,1365.66,795.97,0
3742,1470,848,3,20,12,7,806.23,428.42,0.05
3743,1471,849,20,83,12,14,67.45,34.35,0.1
3744,1471,849,19,83,12,9,819.01,488.55,0.15
3745,1471,849,6,83,12,3,441.8,202.95,0.15
3746,1472,849,9,94,2,12,603.18,339.37,0
3747,1472,849,4,94,2,19,305.39,204.85,0
3748,1473,849,2,97,12,12,1752.28,869.25,0
3749,1473,849,7,97,12,19,120.11,77.26,0.05
3750,1474,849,2,120,2,6,1859.48,869.25,0
3751,1474,849,8,120,2,21,188.77,93.64,0.05
3752,1474,849,21,120,2,8,41.53,23.36,0
3753,1475,852,21,101,7,10,43.25,23.36,0
3754,1475,852,2,101,7,5,1859.48,869.25,0.1
3755,1475,852,15,101,7,4,1365.66,795.97,0.05
3756,1475,852,19,101,7,7,819.01,488.55,0.15
3757,1476,852,21,88,10,7,39.63,23.36,0
3758,1477,852,9,88,9,10,603.18,339.37,0
3759,1478,853,14,3,7,21,1191.81,616.93,0
3760,1478,853,11,3,7,17,502.4,372.45,0
3761,1479,853,2,101,2,5,1859.48,869.25,0.15
3762,1479,853,13,101,2,3,232.76,113.06,0.15
3763,1479,853,15,101,2,11,1303.89,795.97,0.05
3764,1480,853,8,110,7,7,188.77,93.64,0
3765,1480,853,7,110,7,9,120.11,77.26,0
3766,1480,853,20,110,7,4,67.45,34.35,0.1
3767,1480,853,21,110,7,20,43.25,23.36,0
3768,1481,853,7,37,11,4,120.11,77.26,0
3769,1481,853,12,37,11,25,650.29,395.69,0
3770,1481,853,6,37,11,23,381.31,202.95,0
3771,1481,853,2,37,11,1,1859.48,869.25,0
3772,1482,854,13,84,11,25,212.54,113.06,0.05
3773,1482,854,15,84,11,17,1365.66,795.97,0
3774,1483,854,10,1,12,20,579.74,303.54,0.15
3775,1484,856,10,117,5,5,579.74,303.54,0
3776,1485,858,7,40,6,18,120.11,77.26,0
3777,1485,858,13,40,6,4,211.44,113.06,0.15
3778,1485,858,20,40,6,17,58.26,34.35,0.05
3779,1485,858,12,40,6,12,650.29,395.69,0.1
3780,1486,860,15,82,12,18,1365.66,795.97,0
3781,1486,860,9,82,12,21,603.18,339.37,0
3782,1487,860,21,63,4,16,43.25,23.36,0
3783,1487,860,14,63,4,14,1140.69,616.93,0
3784,1488,861,18,55,4,16,36.79,20.77,0
3785,1488,861,6,55,4,1,441.8,202.95,0.15
3786,1489,863,14,35,1,10,1191.81,616.93,0.1
3787,1489,863,15,35,1,2,1365.66,795.97,0
3788,1489,863,19,35,1,25,819.01,488.55,0.1
3789,1490,863,16,42,4,18,609.58,350.66,0.05
3790,1491,863,19,23,5,6,819.01,488.55,0
3791,1491,863,6,23,5,23,441.8,202.95,0
3792,1491,863,10,23,5,22,551.0,303.54,0
3793,1491,863,16,23,5,1,609.58,350.66,0
3794,1492,864,2,113,5,12,1859.48,869.25,0.05
3795,1492,864,19,113,5,3,819.01,488.55,0.1
3796,1493,864,15,102,10,10,1365.66,795.97,0
3797,1493,864,7,102,10,25,113.2,77.26,0.15
3798,1493,864,13,102,10,20,212.0,113.06,0
3799,1493,864,18,102,10,12,36.79,20.77,0
3800,1494,864,19,11,10,24,819.01,488.55,0.1
3801,1495,864,12,33,12,11,650.29,395.69,0.05
3802,1495,864,20,33,12,9,67.45,34.35,0.05
3803,1495,864,17,33,12,6,721.87,373.03,0.1
3804,1496,865,11,27,7,1,583.49,372.45,0.1
3805,1496,865,7,27,7,10,120.11,77.26,0
3806,1497,865,2,5,7,19,1859.48,869.25,0
3807,1497,865,18,5,7,6,36.79,20.77,0
3808,1498,866,8,25,12,22,188.77,93.64,0.1
3809,1499,866,11,87,2,1,526.22,372.45,0
3810,1499,866,6,87,2,13,441.8,202.95,0
3811,1499,866,18,87,2,16,36.79,20.77,0
3812,1499,866,16,87,2,4,609.58,350.66,0
3813,1500,866,14,69,6,3,1191.81,616.93,0
3814,1500,866,7,69,6,1,120.11,77.26,0.15
3815,1500,866,15,69,6,4,1365.66,795.97,0.15
3816,1501,867,5,73,12,18,528.23,270.34,0.1
3817,1501,867,1,73,12,20,823.52,529.32,0
3818,1501,867,10,73,12,24,579.74,303.54,0
3819,1502,867,5,59,3,8,528.23,270.34,0.1
3820,1502,867,6,59,3,15,441.8,202.95,0
3821,1502,867,7,59,3,9,106.1,77.26,0
3822,1502,867,11,59,3,9,583.49,372.45,0
3823,1503,867,21,4,8,14,43.25,23.36,0.05
3824,1503,867,2,4,8,17,1689.81,869.25,0.05
3825,1504,868,5,97,7,5,528.23,270.34,0
3826,1504,868,17,97,7,22,667.42,373.03,0
3827,1504,868,9,97,7,11,519.01,339.37,0.15
3828,1504,868,12,97,7,13,567.48,395.69,0.1
3829,1505,868,21,81,4,14,40.18,23.36,0.1
3830,1505,868,13,81,4,3,223.16,113.06,0
3831,1505,868,12,81,4,9,635.33,395.69,0.15
3832,1505,868,18,81,4,16,36.79,20.77,0.15
3833,1506,868,21,120,3,11,43.25,23.36,0.1
3834,1507,868,9,101,9,21,603.18,339.37,0.15
3835,1508,869,3,97,4,6,737.73,428.42,0.15
3836,1509,869,3,33,8,18,827.18,428.42,0.1
3837,1509,869,11,33,8,20,583.49,372.45,0.05
3838,1509,869,15,33,8,15,1365.66,795.97,0
3839,1509,869,10,33,8,10,579.74,303.54,0.1
3840,1510,869,7,13,10,23,120.11,77.26,0
3841,1510,869,9,13,10,1,603.18,339.37,0.05
3842,1510,869,8,13,10,23,188.77,93.64,0
3843,1510,869,1,13,10,2,705.01,529.32,0.15
3844,1511,869,19,49,5,23,819.01,488.55,0.1
3845,1511,869,9,49,5,8,603.18,339.37,0.1
3846,1512,871,2,91,1,3,1859.48,869.25,0.15
3847,1512,871,17,91,1,9,659.04,373.03,0.15
3848,1513,871,8,119,5,13,188.77,93.64,0.15
3849,1514,871,8,117,9,15,188.77,93.64,0
3850,1514,871,15,117,9,20,1365.66,795.97,0.1
3851,1514,871,14,117,9,20,1191.81,616.93,0.1
3852,1515,871,2,70,7,22,1859.48,869.25,0.1
3853,1515,871,20,70,7,24,67.45,34.35,0
3854,1516,872,5,7,1,21,528.23,270.34,0
3855,1516,872,17,7,1,22,721.87,373.03,0
3856,1517,872,16,103,5,19,537.3,350.66,0.1
3857,1517,872,8,103,5,4,188.77,93.64,0.05
3858,1518,872,15,108,2,22,1365.66,795.97,0
3859,1519,872,11,40,3,3,583.49,372.45,0
3860,1519,872,3,40,3,25,827.18,428.42,0.05
3861,1520,873,21,17,1,21,43.25,23.36,0
3862,1521,873,6,98,9,5,403.67,202.95,0
3863,1521,873,17,98,9,14,672.91,373.03,0
3864,1521,873,19,98,9,3,819.01,488.55,0.15
3865,1521,873,18,98,9,15,36.79,20.77,0
3866,1522,873,8,120,1,13,188.77,93.64,0.15
3867,1522,873,21,120,1,3,43.25,23.36,0.1
3868,1522,873,9,120,1,21,603.18,339.37,0
3869,1522,873,7,120,1,5,120.11,77.26,0.1
3870,1523,874,19,111,3,17,738.91,488.55,0.1
3871,1524,874,9,78,7,13,603.18,339.37,0.15
3872,1524,874,11,78,7,3,583.49,372.45,0.05
3873,1524,874,18,78,7,1,36.79,20.77,0.15
3874,1524,874,4,78,7,16,323.12,204.85,0
3875,1525,874,21,10,3,21,40.96,23.36,0
3876,1525,874,1,10,3,2,823.52,529.32,0
3877,1525,874,19,10,3,21,698.34,488.55,0
3878,1526,874,18,77,8,14,31.29,20.77,0.15
3879,1526,874,8,77,8,12,188.77,93.64,0.05
3880,1526,874,19,77,8,24,819.01,488.55,0
3881,1527,875,9,85,5,7,603.18,339.37,0.05
3882,1528,875,20,6,9,16,67.45,34.35,0.05
3883,1528,875,10,6,9,20,579.74,303.54,0
3884,1528,875,17,6,9,14,634.11,373.03,0.15
3885,1528,875,13,6,9,16,232.76,113.06,0.15
3886,1529,877,7,12,9,5,120.11,77.26,0
3887,1529,877,16,12,9,18,609.58,350.66,0.1
3888,1529,877,18,12,9,14,36.79,20.77,0
3889,1530,877,12,45,10,13,555.38,395.69,0
3890,1530,877,10,45,10,1,579.74,303.54,0
3891,1530,877,18,45,10,7,36.79,20.77,0.05
3892,1530,877,8,45,10,21,188.77,93.64,0.05
3893,1531,877,11,51,7,7,583.49,372.45,0.15
3894,1531,877,18,51,7,9,36.79,20.77,0
3895,1532,878,16,48,11,19,609.58,350.66,0
3896,1532,878,1,48,11,12,823.52,529.32,0.05
3897,1532,878,17,48,11,24,721.87,373.03,0
3898,1533,878,20,5,8,21,67.45,34.35,0
3899,1533,878,17,5,8,1,721.87,373.03,0.05
3900,1533,878,6,5,8,19,441.8,202.95,0
3901,1534,879,4,84,5,3,323.12,204.85,0.1
3902,1534,879,21,84,5,13,43.25,23.36,0
3903,1535,880,10,119,3,8,579.74,303.54,0
3904,1536,880,3,113,7,1,827.18,428.42,0.1
3905,1536,880,1,113,7,20,823.52,529.32,0
3906,1537,880,3,79,11,24,827.18,428.42,0
3907,1537,880,10,79,11,25,579.74,303.54,0.1
3908,1537,880,5,79,11,19,452.9,270.34,0
3909,1538,881,12,67,11,16,650.29,395.69,0.15
3910,1539,881,20,8,2,5,67.45,34.35,0.05
3911,1540,881,15,5,9,19,1365.66,795.97,0.05
3912,1540,881,8,5,9,14,188.77,93.64,0.1
3913,1540,881,10,5,9,13,513.53,303.54,0.05
3914,1540,881,11,5,9,14,583.49,372.45,0
3915,1541,881,1,33,7,24,823.52,529.32,0.15
3916,1541,881,5,33,7,2,528.23,270.34,0.1
3917,1541,881,19,33,7,3,819.01,488.55,0.1
3918,1541,881,16,33,7,24,609.58,350.66,0
3919,1542,882,5,49,9,20,489.3,270.34,0.15
3920,1542,882,16,49,9,16,609.58,350.66,0
3921,1542,882,9,49,9,8,603.18,339.37,0.05
3922,1542,882,21,49,9,6,43.25,23.36,0
3923,1543,882,2,55,1,4,1859.48,869.25,0.05
3924,1543,882,19,55,1,4,819.01,488.55,0.1
3925,1543,882,20,55,1,23,67.45,34.35,0.1
3926,1543,882,8,55,1,10,163.45,93.64,0
3927,1544,883,17,91,2,20,721.87,373.03,0
3928,1545,883,13,32,11,12,232.76,113.06,0.15
3929,1546,883,16,109,8,6,609.58,350.66,0
3930,1546,883,14,109,8,23,1191.81,616.93,0.15
3931,1547,883,17,110,10,9,647.89,373.03,0.05
3932,1548,884,4,70,2,5,296.46,204.85,0
3933,1548,884,12,70,2,18,650.29,395.69,0.05
3934,1548,884,1,70,2,13,823.52,529.32,0
3935,1549,885,5,11,6,5,528.23,270.34,0.1
3936,1549,885,9,11,6,6,567.55,339.37,0.15
3937,1549,885,2,11,6,3,1859.48,869.25,0
3938,1549,885,1,11,6,11,823.52,529.32,0
3939,1550,885,7,118,7,12,120.11,77.26,0
3940,1551,885,9,40,5,8,603.18,339.37,0.1
3941,1551,885,21,40,5,9,43.25,23.36,0.05
3942,1552,885,9,13,4,3,527.02,339.37,0.1
3943,1553,886,4,12,11,3,323.12,204.85,0.05
3944,1553,886,6,12,11,14,441.8,202.95,0
3945,1553,886,13,12,11,12,232.76,113.06,0
3946,1553,886,10,12,11,18,535.93,303.54,0.15
3947,1554,887,1,82,1,6,823.52,529.32,0
3948,1554,887,6,82,1,1,441.8,202.95,0
3949,1554,887,20,82,1,11,67.45,34.35,0
3950,1554,887,12,82,1,24,650.29,395.69,0.1
3951,1555,887,12,37,3,17,650.29,395.69,0.15
3952,1555,887,18,37,3,2,36.79,20.77,0.15
3953,1555,887,2,37,3,11,1812.83,869.25,0
3954,1556,887,12,37,7,1,650.29,395.69,0.1
3955,1556,887,10,37,7,17,579.74,303.54,0.1
3956,1556,887,17,37,7,2,721.87,373.03,0
3957,1556,887,11,37,7,15,583.49,372.45,0
3958,1557,889,3,18,1,11,827.18,428.42,0
3959,1557,889,9,18,1,14,603.18,339.37,0
3960,1557,889,20,18,1,3,58.55,34.35,0
3961,1558,889,7,35,5,1,120.11,77.26,0
3962,1559,890,2,38,8,20,1598.45,869.25,0.15
3963,1560,891,8,120,1,7,188.77,93.64,0
3964,1560,891,13,120,1,17,232.76,113.06,0.1
3965,1560,891,3,120,1,25,827.18,428.42,0
3966,1560,891,17,120,1,2,721.87,373.03,0.1
3967,1561,891,20,34,1,21,67.45,34.35,0.05
3968,1562,891,15,34,10,15,1365.66,795.97,0.05
3969,1562,891,7,34,10,8,120.11,77.26,0.15
3970,1563,891,3,102,3,16,827.18,428.42,0.1
3971,1563,891,12,102,3,22,650.29,395.69,0
3972,1563,891,10,102,3,14,562.66,303.54,0
3973,1564,893,18,115,5,19,36.79,20.77,0
3974,1564,893,12,115,5,11,650.29,395.69,0
3975,1565,893,20,92,5,20,64.3,34.35,0.15
3976,1566,893,2,94,2,7,1859.48,869.25,0
3977,1567,893,5,73,10,11,528.23,270.34,0.15
3978,1568,894,6,63,2,24,441.8,202.95,0
3979,1568,894,16,63,2,24,609.58,350.66,0.15
3980,1568,894,2,63,2,23,1859.48,869.25,0.05
3981,1569,894,13,120,1,1,232.76,113.06,0.05
3982,1570,895,13,69,8,9,232.76,113.06,0.15
3983,1570,895,12,69,8,25,577.56,395.69,0
3984,1570,895,7,69,8,21,120.11,77.26,0.05
3985,1571,895,12,119,2,5,650.29,395.69,0
3986,1572,895,8,70,9,15,188.77,93.64,0.15
3987,1572,895,3,70,9,12,827.18,428.42,0
3988,1572,895,13,70,9,25,232.76,113.06,0
3989,1572,895,4,70,9,10,323.12,204.85,0
3990,1573,897,19,101,6,17,767.82,488.55,0
3991,1573,897,7,101,6,16,120.11,77.26,0.1
3992,1573,897,16,101,6,6,609.58,350.66,0
3993,1574,897,20,22,11,19,67.45,34.35,0.05
3994,1574,897,1,22,11,14,823.52,529.32,0
3995,1574,897,4,22,11,8,323.12,204.85,0.1
3996,1574,897,8,22,11,8,188.77,93.64,0
3997,1575,898,21,58,10,10,43.25,23.36,0.05
3998,1575,898,1,58,10,18,823.52,529.32,0.1
3999,1575,898,16,58,10,3,609.58,350.66,0.05
4000,1575,898,18,58,10,6,36.79,20.77,0.15
4001,1576,898,2,46,1,10,1859.48,869.25,0
4002,1576,898,15,46,1,5,1365.66,795.97,0.1
4003,1576,898,3,46,1,8,827.18,428.42,0.05
4004,1577,899,1,104,6,7,823.52,529.32,0
4005,1577,899,20,104,6,9,67.45,34.35,0.15
4006,1578,900,19,118,5,17,819.01,488.55,0
4007,1579,900,4,118,9,9,323.12,204.85,0.1
4008,1579,900,8,118,9,4,188.77,93.64,0.15
4009,1580,902,12,15,4,4,650.29,395.69,0
4010,1581,902,5,68,1,6,528.23,270.34,0.15
4011,1581,902,2,68,1,10,1662.02,869.25,0
4012,1581,902,20,68,1,24,67.45,34.35,0
4013,1581,902,7,68,1,24,104.21,77.26,0.15
4014,1582,902,9,103,11,15,603.18,339.37,0.05
4015,1582,902,11,103,11,25,583.49,372.45,0
4016,1583,904,15,120,3,18,1365.66,795.97,0
4017,1584,904,9,9,10,19,603.18,339.37,0.05
4018,1584,904,17,9,10,12,721.87,373.03,0.05
4019,1585,905,3,47,1,18,827.18,428.42,0
4020,1585,905,21,47,1,8,43.25,23.36,0
4021,1585,905,7,47,1,11,120.11,77.26,0.1
4022,1586,905,15,82,3,20,1365.66,795.97,0.1
4023,1586,905,2,82,3,22,1859.48,869.25,0
4024,1586,905,8,82,3,12,161.96,93.64,0.05
4025,1586,905,4,82,3,21,323.12,204.85,0.15
4026,1587,905,3,28,8,4,827.18,428.42,0.05
4027,1587,905,16,28,8,4,609.58,350.66,0
4028,1587,905,14,28,8,16,1191.81,616.93,0.1
4029,1588,905,7,72,11,20,120.11,77.26,0
4030,1589,906,12,74,10,25,650.29,395.69,0.1
4031,1589,906,6,74,10,15,441.8,202.95,0
4032,1590,907,11,58,8,18,583.49,372.45,0
4033,1590,907,14,58,8,25,1191.81,616.93,0.1
4034,1591,909,17,104,9,24,721.87,373.03,0.1
4035,1592,909,8,85,9,2,188.77,93.64,0
4036,1592,909,5,85,9,23,528.23,270.34,0.15
4037,1592,909,6,85,9,19,429.16,202.95,0
4038,1593,909,6,16,2,3,441.8,202.95,0
4039,1593,909,13,16,2,2,232.76,113.06,0.05
4040,1594,911,19,25,5,13,819.01,488.55,0.1
4041,1595,911,7,50,11,21,120.11,77.26,0
4042,1595,911,12,50,11,21,650.29,395.69,0.15
4043,1595,911,17,50,11,5,694.76,373.03,0
4044,1595,911,1,50,11,10,823.52,529.32,0.15
4045,1596,912,12,51,11,16,650.29,395.69,0.05
4046,1596,912,20,51,11,6,67.45,34.35,0
4047,1596,912,3,51,11,4,827.18,428.42,0
4048,1596,912,4,51,11,12,323.12,204.85,0.15
4049,1597,912,17,10,4,14,721.87,373.03,0
4050,1598,914,17,76,1,16,721.87,373.03,0.15
4051,1598,914,19,76,1,21,698.57,488.55,0
4052,1598,914,15,76,1,12,1365.66,795.97,0
4053,1598,914,14,76,1,14,1100.24,616.93,0
4054,1599,915,18,48,7,9,36.79,20.77,0.05
4055,1599,915,10,48,7,9,579.74,303.54,0.1
4056,1599,915,20,48,7,6,67.45,34.35,0.1
4057,1599,915,13,48,7,2,232.76,113.06,0
4058,1600,916,7,114,3,15,120.11,77.26,0
4059,1600,916,15,114,3,10,1206.86,795.97,0
4060,1600,916,2,114,3,2,1859.48,869.25,0
4061,1601,917,15,32,3,8,1365.66,795.97,0.05
4062,1601,917,18,32,3,18,34.98,20.77,0
4063,1601,917,12,32,3,3,650.29,395.69,0
4064,1602,918,9,15,4,16,603.18,339.37,0
4065,1602,918,7,15,4,23,120.11,77.26,0
4066,1602,918,3,15,4,21,827.18,428.42,0.05
4067,1602,918,8,15,4,3,188.77,93.64,0
4068,1603,920,17,34,5,14,721.87,373.03,0
4069,1603,920,13,34,5,21,232.76,113.06,0.1
4070,1603,920,10,34,5,4,556.73,303.54,0
4071,1603,920,1,34,5,4,823.52,529.32,0
4072,1604,920,8,112,6,24,188.77,93.64,0
4073,1605,921,8,75,12,6,188.77,93.64,0.05
4074,1606,922,13,113,2,2,214.45,113.06,0
4075,1606,922,5,113,2,6,493.67,270.34,0
4076,1607,922,14,93,7,1,1191.81,616.93,0
4077,1608,925,2,56,12,20,1735.34,869.25,0
4078,1609,925,8,17,7,1,180.44,93.64,0.15
4079,1609,925,19,17,7,15,819.01,488.55,0
4080,1609,925,17,17,7,3,721.87,373.03,0.15
4081,1610,930,4,97,9,15,323.12,204.85,0
4082,1610,930,3,97,9,8,827.18,428.42,0
4083,1610,930,21,97,9,1,43.25,23.36,0.1
4084,1610,930,18,97,9,17,36.79,20.77,0.15
4085,1611,930,13,31,9,22,232.76,113.06,0
4086,1611,930,12,31,9,22,650.29,395.69,0
4087,1611,930,21,31,9,5,41.23,23.36,0
4088,1611,930,17,31,9,8,721.87,373.03,0.15
4089,1612,931,5,6,10,20,528.23,270.34,0.15
4090,1612,931,11,6,10,9,549.01,372.45,0.15
4091,1612,931,13,6,10,5,232.76,113.06,0.05
4092,1612,931,21,6,10,13,43.25,23.36,0.15
4093,1613,931,14,92,10,24,1191.81,616.93,0
4094,1614,932,5,34,12,19,528.23,270.34,0
4095,1615,932,17,29,2,25,721.87,373.03,0.05
4096,1616,933,19,88,5,2,819.01,488.55,0.05
4097,1616,933,1,88,5,2,823.52,529.32,0
4098,1616,933,14,88,5,25,1076.09,616.93,0
4099,1617,933,20,56,12,25,67.45,34.35,0.05
4100,1617,933,17,56,12,16,721.87,373.03,0
4101,1617,933,21,56,12,18,43.25,23.36,0.1
4102,1617,933,2,56,12,3,1859.48,869.25,0.15
4103,1618,934,8,4,9,8,188.77,93.64,0
4104,1618,934,1,4,9,21,823.52,529.32,0
4105,1618,934,5,4,9,5,509.09,270.34,0
4106,1618,934,17,4,9,23,721.87,373.03,0.15
4107,1619,935,11,47,4,16,583.49,372.45,0.15
4108,1620,935,6,43,10,8,441.8,202.95,0
4109,1620,935,13,43,10,22,232.76,113.06,0.1
4110,1621,936,9,39,7,21,537.47,339.37,0.15
4111,1622,936,5,26,1,25,528.23,270.34,0.15
4112,1622,936,8,26,1,14,188.77,93.64,0
4113,1623,937,17,114,3,21,721.87,373.03,0
4114,1623,937,20,114,3,10,67.45,34.35,0
4115,1624,938,17,37,5,10,650.46,373.03,0
4116,1624,938,11,37,5,8,583.49,372.45,0.1
4117,1624,938,2,37,5,17,1859.48,869.25,0.05
4118,1624,938,12,37,5,15,650.29,395.69,0.05
4119,1625,938,5,31,7,8,528.23,270.34,0.1
4120,1625,938,7,31,7,5,120.11,77.26,0.1
4121,1625,938,2,31,7,19,1591.05,869.25,0.05
4122,1625,938,15,31,7,6,1365.66,795.97,0
4123,1626,939,1,67,8,3,823.52,529.32,0
4124,1626,939,8,67,8,14,188.77,93.64,0
4125,1626,939,17,67,8,13,721.87,373.03,0.15
4126,1626,939,13,67,8,22,232.76,113.06,0
4127,1627,940,8,32,4,21,188.77,93.64,0
4128,1627,940,19,32,4,14,819.01,488.55,0.1
4129,1627,940,11,32,4,10,583.49,372.45,0.05
4130,1627,940,15,32,4,6,1365.66,795.97,0.1
4131,1628,940,5,89,5,1,449.95,270.34,0
4132,1629,941,13,41,3,1,232.76,113.06,0.15
4133,1629,941,2,41,3,20,1859.48,869.25,0.05
4134,1629,941,11,41,3,16,583.49,372.45,0.15
4135,1630,941,5,55,8,13,487.98,270.34,0
4136,1630,941,19,55,8,18,819.01,488.55,0.05
4137,1630,941,1,55,8,6,823.52,529.32,0.05
4138,1631,944,5,13,11,9,528.23,270.34,0.1
4139,1631,944,21,13,11,23,43.25,23.36,0
4140,1631,944,16,13,11,21,609.58,350.66,0
4141,1632,944,1,27,3,16,792.8,529.32,0
4142,1633,945,1,66,12,11,823.52,529.32,0
4143,1634,945,6,120,12,23,441.8,202.95,0
4144,1634,945,18,120,12,1,35.7,20.77,0
4145,1634,945,21,120,12,5,43.25,23.36,0
4146,1634,945,2,120,12,15,1859.48,869.25,0
4147,1635,946,20,28,3,11,67.45,34.35,0.05
4148,1636,946,19,104,10,7,819.01,488.55,0.15
4149,1637,947,16,83,12,1,609.58,350.66,0.1
4150,1637,947,2,83,12,10,1859.48,869.25,0
4151,1637,947,19,83,12,19,819.01,488.55,0
4152,1638,949,19,119,2,19,819.01,488.55,0.05
4153,1639,951,12,107,2,10,650.29,395.69,0
4154,1639,951,2,107,2,13,1859.48,869.25,0.05
4155,1639,951,5,107,2,22,451.24,270.34,0.05
4156,1639,951,16,107,2,13,609.58,350.66,0
4157,1640,952,8,71,6,17,188.77,93.64,0.1
4158,1640,952,11,71,6,22,563.73,372.45,0.15
4159,1640,952,15,71,6,19,1365.66,795.97,0.1
4160,1640,952,21,71,6,13,43.25,23.36,0
4161,1641,953,4,48,11,10,323.12,204.85,0.15
4162,1641,953,17,48,11,10,721.87,373.03,0
4163,1642,953,3,106,4,2,807.68,428.42,0.15
4164,1642,953,13,106,4,9,232.76,113.06,0
4165,1642,953,16,106,4,10,609.58,350.66,0.1
4166,1642,953,2,106,4,11,1859.48,869.25,0.05
4167,1643,954,5,62,4,22,528.23,270.34,0.05
4168,1644,956,13,3,5,11,232.76,113.06,0.15
4169,1644,956,17,3,5,10,721.87,373.03,0
4170,1645,956,18,2,1,6,36.79,20.77,0
4171,1646,958,11,65,9,18,583.49,372.45,0
4172,1646,958,5,65,9,18,528.23,270.34,0
4173,1646,958,13,65,9,19,232.76,113.06,0.05
4174,1646,958,3,65,9,3,827.18,428.42,0
4175,1647,958,11,43,5,25,583.49,372.45,0.1
4176,1647,958,12,43,5,12,650.29,395.69,0
4177,1647,958,4,43,5,5,323.12,204.85,0
4178,1647,958,18,43,5,13,36.79,20.77,0.1
4179,1648,960,11,47,10,17,583.49,372.45,0
4180,1648,960,7,47,10,8,120.11,77.26,0.15
4181,1648,960,1,47,10,24,823.52,529.32,0
4182,1648,960,17,47,10,8,704.15,373.03,0.15
4183,1649,961,2,100,9,25,1859.48,869.25,0
4184,1649,961,14,100,9,9,1092.72,616.93,0
4185,1649,961,18,100,9,8,36.79,20.77,0.1
4186,1650,961,11,17,2,6,583.49,372.45,0.1
4187,1650,961,7,17,2,23,113.43,77.26,0.15
4188,1651,963,15,47,1,15,1365.66,795.97,0.1
4189,1651,963,14,47,1,20,1019.44,616.93,0.1
4190,1651,963,10,47,1,13,579.74,303.54,0
4191,1651,963,6,47,1,7,419.57,202.95,0.15
4192,1652,963,21,81,10,8,43.25,23.36,0.05
4193,1653,964,3,17,8,13,827.18,428.42,0.1
4194,1653,964,16,17,8,1,609.58,350.66,0
4195,1654,964,2,117,11,21,1859.48,869.25,0
4196,1655,965,20,85,10,10,67.45,34.35,0
4197,1655,965,5,85,10,9,471.03,270.34,0.15
4198,1655,965,2,85,10,15,1859.48,869.25,0
4199,1656,965,12,22,1,16,604.34,395.69,0
4200,1656,965,5,22,1,7,528.23,270.34,0.1
4201,1656,965,19,22,1,21,698.7,488.55,0
4202,1657,966,13,48,2,7,225.27,113.06,0.05
4203,1657,966,15,48,2,13,1365.66,795.97,0.1
4204,1657,966,16,48,2,11,609.58,350.66,0
4205,1658,966,14,115,10,16,1191.81,616.93,0
4206,1658,966,21,115,10,18,43.25,23.36,0.05
4207,1658,966,3,115,10,9,827.18,428.42,0
4208,1659,967,10,27,3,24,579.74,303.54,0.1
4209,1660,968,4,52,10,15,312.95,204.85,0.15
4210,1660,968,7,52,10,2,108.01,77.26,0
4211,1660,968,10,52,10,12,579.74,303.54,0
4212,1660,968,2,52,10,19,1859.48,869.25,0
4213,1661,968,2,103,5,8,1859.48,869.25,0.05
4214,1662,969,20,66,8,3,61.34,34.35,0.1
4215,1663,969,13,33,2,1,232.76,113.06,0.05
4216,1663,969,2,33,2,21,1581.2,869.25,0
4217,1663,969,9,33,2,18,603.18,339.37,0.05
4218,1663,969,14,33,2,6,1066.5,616.93,0.05
4219,1664,971,5,67,6,23,528.23,270.34,0.1
4220,1665,971,11,116,9,11,583.49,372.45,0
4221,1665,971,19,116,9,11,819.01,488.55,0.15
4222,1665,971,21,116,9,6,43.25,23.36,0
4223,1666,972,8,24,11,8,188.77,93.64,0.15
4224,1667,972,14,83,11,20,1191.81,616.93,0
4225,1668,973,19,17,5,17,819.01,488.55,0.1
4226,1668,973,9,17,5,21,603.18,339.37,0
4227,1669,973,6,50,8,15,441.8,202.95,0.15
4228,1670,975,18,114,8,13,36.79,20.77,0.15
4229,1670,975,3,114,8,5,804.49,428.42,0
4230,1670,975,5,114,8,6,528.23,270.34,0.15
4231,1671,975,2,115,4,2,1859.48,869.25,0
4232,1672,976,18,118,4,17,36.79,20.77,0.15
4233,1672,976,9,118,4,25,603.18,339.37,0.1
4234,1673,976,15,95,6,2,1282.31,795.97,0.05
4235,1673,976,8,95,6,20,175.6,93.64,0.05
4236,1673,976,14,95,6,10,1191.81,616.93,0
4237,1674,976,12,18,9,7,650.29,395.69,0
4238,1674,976,11,18,9,18,583.49,372.45,0.05
4239,1674,976,14,18,9,15,1191.81,616.93,0
4240,1675,976,5,93,10,4,528.23,270.34,0
4241,1675,976,9,93,10,4,603.18,339.37,0.15
4242,1675,976,1,93,10,14,823.52,529.32,0
4243,1676,977,10,115,6,4,579.74,303.54,0.1
4244,1676,977,16,115,6,24,609.58,350.66,0.05
4245,1676,977,9,115,6,11,603.18,339.37,0.1
4246,1677,977,20,42,7,4,67.45,34.35,0
4247,1678,977,16,88,10,24,609.58,350.66,0.15
4248,1678,977,15,88,10,13,1365.66,795.97,0
4249,1678,977,2,88,10,22,1859.48,869.25,0.15
4250,1679,978,20,83,8,8,57.6,34.35,0.05
4251,1679,978,17,83,8,15,660.38,373.03,0
4252,1680,978,17,61,6,12,676.39,373.03,0
4253,1680,978,21,61,6,16,43.25,23.36,0.1
4254,1680,978,18,61,6,13,36.79,20.77,0
4255,1681,978,1,66,10,23,823.52,529.32,0.05
4256,1681,978,15,66,10,15,1365.66,795.97,0
4257,1681,978,6,66,10,25,441.8,202.95,0.15
4258,1681,978,8,66,10,21,188.77,93.64,0.15
4259,1682,979,5,37,1,21,528.23,270.34,0
4260,1683,979,12,108,11,11,650.29,395.69,0
4261,1683,979,2,108,11,23,1859.48,869.25,0.05
4262,1683,979,14,108,11,7,1191.81,616.93,0
4263,1683,979,19,108,11,24,819.01,488.55,0
4264,1684,983,7,62,11,17,120.11,77.26,0.1
4265,1684,983,11,62,11,6,583.49,372.45,0.05
4266,1684,983,5,62,11,4,528.23,270.34,0.1
4267,1685,983,9,119,8,6,603.18,339.37,0.1
4268,1685,983,17,119,8,2,721.87,373.03,0
4269,1686,984,18,29,2,14,36.79,20.77,0
4270,1687,985,18,112,1,15,36.79,20.77,0
4271,1688,985,11,29,2,8,583.49,372.45,0.15
4272,1689,985,18,98,2,12,36.79,20.77,0
4273,1690,986,9,8,6,21,603.18,339.37,0
4274,1691,987,16,51,8,20,609.58,350.66,0
4275,1691,987,15,51,8,2,1365.66,795.97,0.05
4276,1692,988,17,75,10,20,721.87,373.03,0
4277,1692,988,12,75,10,4,650.29,395.69,0.15
4278,1692,988,1,75,10,11,823.52,529.32,0.15
4279,1692,988,9,75,10,6,603.18,339.37,0.15
4280,1693,988,20,7,6,1,67.45,34.35,0
4281,1693,988,6,7,6,1,441.8,202.95,0.15
4282,1694,988,7,23,11,20,120.11,77.26,0.1
4283,1694,988,17,23,11,23,721.87,373.03,0
4284,1695,990,10,70,8,25,579.74,303.54,0.05
4285,1696,990,10,36,12,1,579.74,303.54,0
4286,1696,990,12,36,12,14,650.29,395.69,0.1
4287,1696,990,20,36,12,11,60.77,34.35,0.1
4288,1697,990,12,40,12,12,650.29,395.69,0.05
4289,1697,990,21,40,12,9,43.25,23.36,0.05
4290,1697,990,13,40,12,13,232.76,113.06,0
4291,1698,990,8,69,10,4,188.77,93.64,0
4292,1698,990,19,69,10,16,819.01,488.55,0
4293,1698,990,18,69,10,19,36.79,20.77,0.05
4294,1698,990,15,69,10,7,1365.66,795.97,0
4295,1699,991,11,73,2,9,583.49,372.45,0
4296,1699,991,18,73,2,17,33.84,20.77,0
4297,1699,991,16,73,2,25,609.58,350.66,0.1
4298,1700,991,16,24,10,6,609.58,350.66,0
4299,1700,991,21,24,10,13,43.25,23.36,0
4300,1700,991,17,24,10,17,721.87,373.03,0.05
4301,1700,991,13,24,10,8,232.76,113.06,0.1
4302,1701,992,9,62,3,24,603.18,339.37,0
4303,1701,992,4,62,3,1,323.12,204.85,0
4304,1701,992,12,62,3,10,650.29,395.69,0
4305,1701,992,15,62,3,19,1365.66,795.97,0.05
4306,1702,992,2,99,9,17,1859.48,869.25,0
4307,1702,992,10,99,9,24,579.74,303.54,0
4308,1703,992,7,15,5,7,120.11,77.26,0.15
4309,1703,992,20,15,5,4,67.45,34.35,0.05
4310,1703,992,8,15,5,12,188.77,93.64,0.05
4311,1703,992,9,15,5,16,603.18,339.37,0
4312,1704,992,5,87,3,8,496.77,270.34,0.15
4313,1704,992,18,87,3,19,36.79,20.77,0
4314,1704,992,21,87,3,5,43.25,23.36,0.05
4315,1704,992,14,87,3,3,1191.81,616.93,0.15
4316,1705,994,4,35,5,21,323.12,204.85,0.15
4317,1705,994,18,35,5,11,36.79,20.77,0.05
4318,1705,994,3,35,5,18,827.18,428.42,0.05
4319,1706,995,4,44,10,8,323.12,204.85,0
4320,1706,995,7,44,10,5,113.3,77.26,0
4321,1706,995,10,44,10,2,579.74,303.54,0
4322,1707,995,20,108,8,3,67.45,34.35,0
4323,1708,995,19,38,8,15,819.01,488.55,0.05
4324,1708,995,3,38,8,14,827.18,428.42,0
4325,1708,995,17,38,8,19,721.87,373.03,0.15
4326,1709,996,4,44,11,4,289.11,204.85,0
4327,1709,996,8,44,11,25,188.77,93.64,0
4328,1709,996,7,44,11,5,120.11,77.26,0
4329,1709,996,19,44,11,7,819.01,488.55,0
4330,1710,996,21,102,12,7,43.25,23.36,0.15
4331,1710,996,6,102,12,7,441.8,202.95,0.1
4332,1710,996,8,102,12,8,188.77,93.64,0.05
4333,1710,996,11,102,12,19,502.39,372.45,0.1
4334,1711,996,12,110,3,24,650.29,395.69,0
4335,1711,996,2,110,3,8,1859.48,869.25,0
4336,1711,996,17,110,3,10,721.87,373.03,0.1
4337,1712,997,9,1,9,7,603.18,339.37,0.05
4338,1712,997,3,1,9,20,827.18,428.42,0.05
4339,1712,997,4,1,9,2,323.12,204.85,0.1
4340,1712,997,15,1,9,3,1365.66,795.97,0.15
4341,1713,997,11,85,6,11,583.49,372.45,0
4342,1714,997,8,112,5,15,188.77,93.64,0.05
4343,1715,998,12,86,11,1,650.29,395.69,0.1
4344,1715,998,2,86,11,7,1859.48,869.25,0.1
4345,1715,998,10,86,11,5,579.74,303.54,0
4346,1715,998,17,86,11,18,721.87,373.03,0
4347,1716,998,1,52,3,14,823.52,529.32,0
4348,1716,998,21,52,3,9,43.25,23.36,0
4349,1716,998,5,52,3,1,528.23,270.34,0
4350,1717,998,16,101,8,1,609.58,350.66,0.1
4351,1717,998,12,101,8,15,650.29,395.69,0.05
4352,1717,998,17,101,8,25,631.55,373.03,0
4353,1717,998,1,101,8,17,823.52,529.32,0
4354,1718,998,9,26,4,9,603.18,339.37,0.1
4355,1718,998,10,26,4,22,579.74,303.54,0
4356,1718,998,2,26,4,3,1859.48,869.25,0.1
4357,1719,999,20,94,5,20,67.45,34.35,0.05
4358,1719,999,6,94,5,16,392.26,202.95,0
4359,1720,999,5,114,12,6,528.23,270.34,0
4360,1720,999,2,114,12,16,1859.48,869.25,0
4361,1721,999,11,35,1,24,583.49,372.45,0.1
4362,1721,999,17,35,1,8,721.87,373.03,0
4363,1721,999,18,35,1,23,36.79,20.77,0.05
4364,1721,999,15,35,1,13,1365.66,795.97,0
4365,1722,1000,3,107,7,20,827.18,428.42,0.05
4366,1723,1000,15,114,7,21,1365.66,795.97,0.15
4367,1724,1000,15,36,10,4,1365.66,795.97,0.1
4368,1725,1000,11,79,12,16,583.49,372.45,0
4369,1725,1000,2,79,12,2,1859.48,869.25,0.1
4370,1725,1000,9,79,12,25,541.56,339.37,0
4371,1726,1001,7,91,9,22,120.11,77.26,0
4372,1726,1001,14,91,9,20,1191.81,616.93,0.05
4373,1727,1001,4,66,7,18,323.12,204.85,0
4374,1727,1001,13,66,7,8,203.31,113.06,0.1
4375,1727,1001,7,66,7,6,120.11,77.26,0
4376,1727,1001,2,66,7,15,1859.48,869.25,0
4377,1728,1001,13,78,1,16,232.76,113.06,0
4378,1728,1001,21,78,1,2,42.08,23.36,0.15
4379,1729,1001,19,30,6,1,720.58,488.55,0
4380,1729,1001,15,30,6,5,1365.66,795.97,0.15
4381,1730,1002,20,95,2,22,67.45,34.35,0
4382,1731,1003,11,2,7,22,526.83,372.45,0.15
4383,1731,1003,1,2,7,12,823.52,529.32,0
4384,1731,1003,6,2,7,12,441.8,202.95,0.15
4385,1732,1003,1,40,11,19,823.52,529.32,0.1
4386,1732,1003,17,40,11,13,721.87,373.03,0
4387,1732,1003,4,40,11,7,323.12,204.85,0
4388,1732,1003,19,40,11,17,819.01,488.55,0
4389,1733,1003,9,16,6,10,603.18,339.37,0
4390,1733,1003,7,16,6,7,120.11,77.26,0.05
4391,1733,1003,3,16,6,21,827.18,428.42,0
4392,1734,1003,4,35,5,2,323.12,204.85,0.1
4393,1734,1003,10,35,5,4,579.74,303.54,0.05
4394,1735,1004,5,108,9,8,528.23,270.34,0.1
4395,1735,1004,3,108,9,12,827.18,428.42,0.1
4396,1735,1004,15,108,9,23,1365.66,795.97,0
4397,1735,1004,17,108,9,1,721.87,373.03,0.1
4398,1736,1005,8,49,4,25,188.77,93.64,0
4399,1736,1005,18,49,4,21,32.08,20.77,0
4400,1736,1005,15,49,4,13,1365.66,795.97,0.05
4401,1737,1009,11,21,2,13,583.49,372.45,0
4402,1737,1009,20,21,2,4,67.45,34.35,0
4403,1737,1009,3,21,2,22,827.18,428.42,0
4404,1737,1009,10,21,2,11,557.77,303.54,0.15
4405,1738,1009,7,89,2,16,120.11,77.26,0.1
4406,1738,1009,11,89,2,12,557.96,372.45,0
4407,1738,1009,15,89,2,4,1365.66,795.97,0
4408,1739,1010,5,66,3,4,528.23,270.34,0.1
4409,1740,1010,21,49,5,24,43.25,23.36,0.15
4410,1740,1010,13,49,5,2,232.76,113.06,0.05
4411,1740,1010,1,49,5,23,823.52,529.32,0
4412,1740,1010,4,49,5,2,323.12,204.85,0.1
4413,1741,1011,15,20,11,13,1365.66,795.97,0
4414,1741,1011,20,20,11,3,67.45,34.35,0.1
4415,1741,1011,13,20,11,10,232.76,113.06,0.15
4416,1742,1011,15,9,2,12,1365.66,795.97,0.15
4417,1742,1011,3,9,2,19,827.18,428.42,0
4418,1742,1011,14,9,2,22,1191.81,616.93,0
4419,1743,1013,10,96,10,11,579.74,303.54,0.05
4420,1743,1013,20,96,10,8,67.45,34.35,0
4421,1743,1013,11,96,10,5,583.49,372.45,0.05
4422,1744,1014,16,75,11,15,609.58,350.66,0.05
4423,1745,1014,9,110,7,16,517.26,339.37,0.1
4424,1745,1014,21,110,7,2,43.25,23.36,0.15
4425,1745,1014,14,110,7,20,1141.73,616.93,0
4426,1746,1014,17,118,3,15,721.87,373.03,0.15
4427,1746,1014,10,118,3,6,545.07,303.54,0.15
4428,1747,1014,14,107,10,1,1137.1,616.93,0.15
4429,1748,1015,2,76,12,4,1859.48,869.25,0
4430,1748,1015,20,76,12,17,67.45,34.35,0
4431,1749,1016,15,10,11,9,1365.66,795.97,0
4432,1750,1016,14,111,9,20,1191.81,616.93,0
4433,1750,1016,5,111,9,16,528.23,270.34,0.05
4434,1750,1016,19,111,9,24,819.01,488.55,0
4435,1751,1017,20,37,10,18,59.45,34.35,0.1
4436,1752,1017,5,95,12,1,481.07,270.34,0
4437,1752,1017,10,95,12,10,579.74,303.54,0
4438,1752,1017,15,95,12,24,1365.66,795.97,0.1
4439,1752,1017,6,95,12,15,441.8,202.95,0.05
4440,1753,1017,18,72,3,18,31.4,20.77,0.15
4441,1753,1017,3,72,3,12,827.18,428.42,0
4442,1753,1017,14,72,3,2,1191.81,616.93,0.1
4443,1754,1017,14,97,9,16,1191.81,616.93,0
4444,1754,1017,15,97,9,22,1365.66,795.97,0
4445,1754,1017,8,97,9,14,188.77,93.64,0
4446,1754,1017,17,97,9,6,721.87,373.03,0.05
4447,1755,1018,4,12,7,1,323.12,204.85,0
4448,1755,1018,10,12,7,12,579.74,303.54,0.1
4449,1755,1018,2,12,7,4,1859.48,869.25,0.15
4450,1756,1018,19,120,10,8,819.01,488.55,0.05
4451,1757,1018,12,98,3,8,650.29,395.69,0.05
4452,1757,1018,14,98,3,19,1034.24,616.93,0.15
4453,1757,1018,11,98,3,13,583.49,372.45,0
4454,1758,1018,18,7,11,17,36.79,20.77,0
4455,1758,1018,11,7,11,21,555.19,372.45,0
4456,1758,1018,13,7,11,12,232.76,113.06,0
4457,1759,1019,16,67,5,11,609.58,350.66,0.1
4458,1759,1019,7,67,5,2,120.11,77.26,0
4459,1759,1019,20,67,5,5,67.45,34.35,0
4460,1760,1019,12,70,4,2,650.29,395.69,0.05
4461,1760,1019,20,70,4,20,67.45,34.35,0
4462,1761,1019,4,36,8,21,323.12,204.85,0
4463,1762,1020,8,37,5,13,188.77,93.64,0
4464,1762,1020,18,37,5,17,36.79,20.77,0.05
4465,1762,1020,13,37,5,14,232.76,113.06,0.05
4466,1763,1020,15,73,9,6,1365.66,795.97,0.05
4467,1763,1020,4,73,9,20,323.12,204.85,0
4468,1763,1020,13,73,9,22,232.76,113.06,0.05
4469,1764,1022,21,17,11,18,43.25,23.36,0
4470,1764,1022,19,17,11,9,819.01,488.55,0
4471,1764,1022,11,17,11,5,583.49,372.45,0
4472,1764,1022,14,17,11,1,1191.81,616.93,0
4473,1765,1022,9,92,5,10,603.18,339.37,0.05
4474,1765,1022,7,92,5,12,120.11,77.26,0
4475,1766,1022,8,117,12,9,171.6,93.64,0
4476,1766,1022,21,117,12,6,43.25,23.36,0.05
4477,1766,1022,9,117,12,5,534.23,339.37,0
4478,1767,1023,12,87,10,24,650.29,395.69,0
4479,1768,1023,3,10,10,17,827.18,428.42,0.15
4480,1769,1025,19,42,2,16,819.01,488.55,0.1
4481,1769,1025,5,42,2,15,528.23,270.34,0
4482,1769,1025,17,42,2,4,721.87,373.03,0.1
4483,1770,1026,5,86,8,14,528.23,270.34,0.1
4484,1771,1026,18,62,1,9,36.79,20.77,0
4485,1771,1026,7,62,1,25,120.11,77.26,0
4486,1772,1026,12,110,5,16,650.29,395.69,0.15
4487,1772,1026,18,110,5,4,36.79,20.77,0
4488,1773,1027,4,80,6,1,323.12,204.85,0
4489,1773,1027,15,80,6,8,1365.66,795.97,0
4490,1773,1027,11,80,6,10,583.49,372.45,0
4491,1773,1027,10,80,6,7,579.74,303.54,0
4492,1774,1028,16,33,12,18,609.58,350.66,0.1
4493,1775,1028,7,35,7,13,120.11,77.26,0.05
4494,1776,1028,4,107,7,7,323.12,204.85,0.15
4495,1777,1029,9,71,7,9,603.18,339.37,0
4496,1778,1030,21,89,1,23,43.25,23.36,0.1
4497,1779,1030,8,73,11,3,188.77,93.64,0.15
4498,1779,1030,21,73,11,1,42.06,23.36,0.1
4499,1780,1030,15,114,9,20,1365.66,795.97,0
4500,1781,1030,6,51,1,21,441.8,202.95,0
4501,1781,1030,14,51,1,6,1191.81,616.93,0
4502,1781,1030,13,51,1,17,232.76,113.06,0
4503,1782,1031,21,37,8,7,42.08,23.36,0.15
4504,1783,1031,3,31,12,15,827.18,428.42,0
4505,1783,1031,13,31,12,14,215.56,113.06,0
4506,1783,1031,14,31,12,17,1191.81,616.93,0
4507,1783,1031,19,31,12,13,819.01,488.55,0.05
4508,1784,1031,11,79,4,6,583.49,372.45,0
4509,1785,1032,9,23,7,4,603.18,339.37,0
4510,1785,1032,11,23,7,16,583.49,372.45,0.15
4511,1786,1033,4,118,6,3,323.12,204.85,0.05
4512,1786,1033,5,118,6,7,528.23,270.34,0.1
4513,1786,1033,1,118,6,5,823.52,529.32,0
4514,1786,1033,12,118,6,10,575.39,395.69,0.1
4515,1787,1034,9,10,4,12,603.18,339.37,0.1
4516,1787,1034,17,10,4,14,721.87,373.03,0.05
4517,1787,1034,18,10,4,21,36.79,20.77,0.15
4518,1788,1035,15,75,5,2,1278.91,795.97,0
4519,1788,1035,8,75,5,4,188.77,93.64,0
4520,1788,1035,21,75,5,21,37.3,23.36,0
4521,1789,1035,16,37,8,22,609.58,350.66,0.05
4522,1789,1035,15,37,8,22,1365.66,795.97,0
4523,1789,1035,21,37,8,20,41.91,23.36,0.15
4524,1789,1035,18,37,8,4,35.19,20.77,0
4525,1790,1035,19,34,11,2,819.01,488.55,0.15
4526,1790,1035,4,34,11,20,323.12,204.85,0
4527,1791,1035,9,23,9,8,543.64,339.37,0
4528,1791,1035,6,23,9,17,441.8,202.95,0
4529,1791,1035,1,23,9,6,823.52,529.32,0.15
4530,1792,1036,10,94,6,14,579.74,303.54,0
4531,1792,1036,8,94,6,7,188.77,93.64,0
4532,1793,1038,18,68,12,3,36.79,20.77,0.15
4533,1793,1038,8,68,12,16,188.77,93.64,0.05
4534,1794,1038,16,90,12,10,609.58,350.66,0
4535,1794,1038,1,90,12,22,798.88,529.32,0.05
4536,1795,1039,21,35,1,25,43.25,23.36,0
4537,1795,1039,19,35,1,7,819.01,488.55,0
4538,1795,1039,7,35,1,9,120.11,77.26,0.1
4539,1795,1039,16,35,1,22,546.74,350.66,0
4540,1796,1039,14,69,11,14,1150.48,616.93,0.1
4541,1796,1039,1,69,11,10,823.52,529.32,0
4542,1797,1039,2,71,2,8,1859.48,869.25,0.15
4543,1797,1039,13,71,2,15,232.76,113.06,0
4544,1797,1039,15,71,2,15,1220.38,795.97,0
4545,1798,1040,19,72,5,20,819.01,488.55,0.05
4546,1798,1040,21,72,5,12,43.25,23.36,0.1
4547,1798,1040,12,72,5,23,650.29,395.69,0.05
4548,1799,1041,21,59,10,14,43.25,23.36,0.05
4549,1799,1041,12,59,10,15,650.29,395.69,0.15
4550,1800,1041,16,104,12,22,609.58,350.66,0
4551,1800,1041,5,104,12,3,481.49,270.34,0
4552,1800,1041,18,104,12,19,32.49,20.77,0
4553,1800,1041,19,104,12,9,791.97,488.55,0
4554,1801,1042,3,86,12,13,776.62,428.42,0.15
4555,1802,1042,2,111,2,18,1859.48,869.25,0.15
4556,1802,1042,14,111,2,24,1191.81,616.93,0
4557,1802,1042,19,111,2,22,819.01,488.55,0.15
4558,1802,1042,5,111,2,4,528.23,270.34,0
4559,1803,1043,12,109,6,2,650.29,395.69,0.15
4560,1803,1043,1,109,6,24,823.52,529.32,0.05
4561,1803,1043,9,109,6,1,552.95,339.37,0.15
4562,1804,1043,2,10,12,14,1859.48,869.25,0
4563,1804,1043,9,10,12,8,555.89,339.37,0.05
4564,1804,1043,7,10,12,11,120.11,77.26,0.05
4565,1804,1043,10,10,12,13,579.74,303.54,0.1
4566,1805,1043,8,69,11,4,188.77,93.64,0.05
4567,1805,1043,19,69,11,14,819.01,488.55,0.15
4568,1805,1043,21,69,11,14,43.25,23.36,0.1
4569,1805,1043,13,69,11,1,217.53,113.06,0
4570,1806,1043,8,55,4,24,177.85,93.64,0.15
4571,1806,1043,3,55,4,4,827.18,428.42,0
4572,1806,1043,10,55,4,23,579.74,303.54,0.05
4573,1806,1043,14,55,4,1,1020.73,616.93,0.15
4574,1807,1044,9,94,3,17,603.18,339.37,0
4575,1807,1044,5,94,3,14,528.23,270.34,0
4576,1807,1044,19,94,3,16,819.01,488.55,0
4577,1807,1044,11,94,3,25,583.49,372.45,0.05
4578,1808,1044,16,44,9,20,609.58,350.66,0
4579,1808,1044,12,44,9,6,650.29,395.69,0
4580,1808,1044,6,44,9,1,394.98,202.95,0.05
4581,1809,1044,4,17,10,13,323.12,204.85,0.05
4582,1809,1044,7,17,10,20,120.11,77.26,0.05
4583,1809,1044,18,17,10,13,36.79,20.77,0
4584,1809,1044,9,17,10,18,603.18,339.37,0.1
4585,1810,1045,12,75,1,25,608.3,395.69,0.05
4586,1810,1045,15,75,1,12,1263.33,795.97,0
4587,1811,1045,20,56,6,11,67.45,34.35,0
4588,1811,1045,9,56,6,19,515.51,339.37,0.05
4589,1811,1045,5,56,6,7,528.23,270.34,0.05
4590,1811,1045,1,56,6,8,800.1,529.32,0
4591,1812,1049,3,2,4,17,827.18,428.42,0.15
4592,1812,1049,16,2,4,10,609.58,350.66,0
4593,1812,1049,13,2,4,17,232.76,113.06,0.15
4594,1813,1049,2,85,6,20,1859.48,869.25,0.1
4595,1813,1049,16,85,6,4,609.58,350.66,0.1
4596,1813,1049,20,85,6,14,67.45,34.35,0
4597,1813,1049,6,85,6,25,441.8,202.95,0
4598,1814,1049,8,97,10,12,176.54,93.64,0
4599,1814,1049,2,97,10,20,1859.48,869.25,0
4600,1814,1049,3,97,10,22,827.18,428.42,0.05
4601,1814,1049,21,97,10,4,43.25,23.36,0
4602,1815,1049,16,68,11,12,609.58,350.66,0.1
4603,1816,1050,2,49,11,14,1859.48,869.25,0.1
4604,1816,1050,6,49,11,2,424.49,202.95,0.15
4605,1817,1050,15,111,1,7,1365.66,795.97,0
4606,1817,1050,18,111,1,19,36.79,20.77,0
4607,1817,1050,21,111,1,12,43.25,23.36,0
4608,1817,1050,5,111,1,5,528.23,270.34,0.05
4609,1818,1050,13,107,12,17,232.76,113.06,0
4610,1818,1050,14,107,12,9,1191.81,616.93,0
4611,1819,1050,14,10,5,8,1191.81,616.93,0
4612,1819,1050,10,10,5,18,579.74,303.54,0.1
4613,1819,1050,17,10,5,4,721.87,373.03,0.1
4614,1819,1050,21,10,5,9,43.25,23.36,0
4615,1820,1051,5,30,11,11,528.23,270.34,0.1
4616,1821,1051,20,84,2,3,67.45,34.35,0
4617,1821,1051,6,84,2,25,441.8,202.95,0.15
4618,1821,1051,14,84,2,13,1191.81,616.93,0.05
4619,1821,1051,5,84,2,16,528.23,270.34,0
4620,1822,1052,15,104,7,23,1365.66,795.97,0
4621,1822,1052,13,104,7,2,232.76,113.06,0.1
4622,1823,1052,8,2,11,5,181.77,93.64,0
4623,1823,1052,15,2,11,9,1365.66,795.97,0.15
4624,1823,1052,11,2,11,9,506.59,372.45,0.05
4625,1823,1052,7,2,11,19,110.5,77.26,0
4626,1824,1052,16,102,3,13,609.58,350.66,0
4627,1825,1053,21,105,11,24,36.97,23.36,0
4628,1825,1053,1,105,11,10,823.52,529.32,0.05
4629,1825,1053,2,105,11,20,1859.48,869.25,0.15
4630,1825,1053,8,105,11,23,188.77,93.64,0.15
4631,1826,1054,21,17,8,10,43.25,23.36,0
4632,1826,1054,12,17,8,12,650.29,395.69,0.05
4633,1826,1054,6,17,8,10,441.8,202.95,0.05
4634,1826,1054,19,17,8,17,819.01,488.55,0
4635,1827,1054,19,84,1,8,819.01,488.55,0.15
4636,1828,1054,12,64,8,16,650.29,395.69,0.1
4637,1828,1054,16,64,8,21,609.58,350.66,0.1
4638,1829,1056,5,23,8,4,528.23,270.34,0.1
4639,1829,1056,21,23,8,16,43.25,23.36,0
4640,1829,1056,14,23,8,21,1191.81,616.93,0
4641,1830,1056,5,64,12,25,463.04,270.34,0.15
4642,1831,1058,18,39,3,12,36.79,20.77,0.05
4643,1832,1058,16,112,11,20,609.58,350.66,0
4644,1833,1060,12,5,10,19,590.47,395.69,0.15
4645,1833,1060,16,5,10,19,609.58,350.66,0
4646,1833,1060,20,5,10,16,65.94,34.35,0.15
4647,1834,1061,20,70,7,5,67.45,34.35,0.05
4648,1834,1061,12,70,7,2,650.29,395.69,0.1
4649,1834,1061,15,70,7,10,1365.66,795.97,0.1
4650,1834,1061,19,70,7,2,819.01,488.55,0
4651,1835,1061,4,73,1,16,323.12,204.85,0
4652,1836,1062,9,79,3,19,536.58,339.37,0.1
4653,1836,1062,19,79,3,13,819.01,488.55,0.1
4654,1836,1062,15,79,3,11,1365.66,795.97,0.1
4655,1837,1062,5,25,12,1,528.23,270.34,0.05
4656,1837,1062,10,25,12,6,579.74,303.54,0
4657,1838,1062,19,20,7,4,819.01,488.55,0
4658,1839,1062,20,117,5,10,67.45,34.35,0.15
4659,1840,1063,1,22,5,10,823.52,529.32,0
4660,1840,1063,11,22,5,23,540.24,372.45,0.15
4661,1840,1063,15,22,5,3,1245.92,795.97,0
4662,1840,1063,19,22,5,13,819.01,488.55,0.15
4663,1841,1063,19,112,12,16,819.01,488.55,0.05
4664,1841,1063,9,112,12,22,520.34,339.37,0
4665,1841,1063,7,112,12,3,120.11,77.26,0.05
4666,1841,1063,11,112,12,25,583.49,372.45,0.1
4667,1842,1063,1,5,7,25,823.52,529.32,0.15
4668,1842,1063,9,5,7,3,603.18,339.37,0
4669,1842,1063,13,5,7,1,232.76,113.06,0
4670,1842,1063,16,5,7,15,609.58,350.66,0
4671,1843,1064,5,7,10,13,528.23,270.34,0.15
4672,1843,1064,1,7,10,6,823.52,529.32,0.15
4673,1844,1065,3,86,4,8,827.18,428.42,0.05
4674,1844,1065,6,86,4,21,441.8,202.95,0.05
4675,1845,1066,20,102,2,10,67.45,34.35,0.1
4676,1845,1066,8,102,2,20,188.77,93.64,0.05
4677,1846,1066,4,23,5,11,323.12,204.85,0.1
4678,1846,1066,6,23,5,2,441.8,202.95,0
4679,1846,1066,3,23,5,13,827.18,428.42,0.1
4680,1846,1066,15,23,5,10,1365.66,795.97,0
4681,1847,1066,12,45,3,21,650.29,395.69,0.05
4682,1847,1066,3,45,3,13,827.18,428.42,0
4683,1847,1066,9,45,3,10,603.18,339.37,0
4684,1847,1066,4,45,3,16,275.15,204.85,0
4685,1848,1067,7,47,10,3,120.11,77.26,0.1
4686,1848,1067,9,47,10,18,603.18,339.37,0.05
4687,1848,1067,15,47,10,1,1365.66,795.97,0.1
4688,1848,1067,3,47,10,11,827.18,428.42,0.1
4689,1849,1067,10,54,8,24,579.74,303.54,0.1
4690,1849,1067,6,54,8,2,441.8,202.95,0.1
4691,1850,1068,8,87,2,4,188.77,93.64,0
4692,1850,1068,19,87,2,8,819.01,488.55,0
4693,1850,1068,18,87,2,15,31.61,20.77,0.05
4694,1850,1068,1,87,2,14,823.52,529.32,0.15
4695,1851,1068,6,92,7,9,389.0,202.95,0
4696,1851,1068,2,92,7,6,1614.39,869.25,0
4697,1851,1068,17,92,7,17,721.87,373.03,0.15
4698,1851,1068,18,92,7,11,36.79,20.77,0.1
4699,1852,1068,18,91,2,17,36.79,20.77,0
4700,1852,1068,2,91,2,11,1619.88,869.25,0.15
4701,1852,1068,13,91,2,23,232.76,113.06,0
4702,1853,1070,7,47,10,15,120.11,77.26,0
4703,1853,1070,5,47,10,1,484.9,270.34,0.15
4704,1853,1070,1,47,10,7,823.52,529.32,0
4705,1853,1070,8,47,10,11,188.77,93.64,0.05
4706,1854,1071,16,73,1,16,609.58,350.66,0
4707,1854,1071,8,73,1,12,188.77,93.64,0.1
4708,1854,1071,9,73,1,13,603.18,339.37,0.15
4709,1855,1071,12,105,5,14,650.29,395.69,0.1
4710,1855,1071,2,105,5,5,1727.91,869.25,0.05
4711,1856,1071,13,31,4,19,232.76,113.06,0
4712,1856,1071,14,31,4,14,1191.81,616.93,0
4713,1857,1071,16,110,2,7,609.58,350.66,0.05
4714,1857,1071,21,110,2,16,43.25,23.36,0.05
4715,1858,1073,3,84,2,22,783.24,428.42,0.1
4716,1858,1073,12,84,2,3,650.29,395.69,0.1
4717,1859,1073,6,96,4,15,441.8,202.95,0.15
4718,1859,1073,1,96,4,11,823.52,529.32,0
4719,1859,1073,20,96,4,11,67.45,34.35,0
4720,1859,1073,12,96,4,17,650.29,395.69,0
4721,1860,1073,19,91,7,18,819.01,488.55,0
4722,1860,1073,6,91,7,18,441.8,202.95,0
4723,1860,1073,1,91,7,1,823.52,529.32,0.15
4724,1860,1073,17,91,7,11,721.87,373.03,0
4725,1861,1074,12,12,8,2,650.29,395.69,0.1
4726,1861,1074,18,12,8,22,36.79,20.77,0
4727,1861,1074,9,12,8,6,603.18,339.37,0.1
4728,1862,1074,2,43,6,14,1859.48,869.25,0.05
4729,1862,1074,4,43,6,21,323.12,204.85,0.15
4730,1862,1074,5,43,6,17,492.82,270.34,0.15
4731,1862,1074,20,43,6,6,64.09,34.35,0
4732,1863,1074,3,95,3,6,827.18,428.42,0.1
4733,1863,1074,17,95,3,14,721.87,373.03,0.1
4734,1864,1074,11,38,7,11,583.49,372.45,0
4735,1864,1074,15,38,7,3,1365.66,795.97,0.15
4736,1865,1075,20,109,9,22,67.45,34.35,0
4737,1866,1075,14,100,7,23,1191.81,616.93,0
4738,1866,1075,8,100,7,13,188.77,93.64,0
4739,1867,1076,17,47,1,18,721.87,373.03,0
4740,1867,1076,4,47,1,19,323.12,204.85,0.15
4741,1867,1076,11,47,1,16,508.91,372.45,0
4742,1867,1076,18,47,1,4,36.79,20.77,0
4743,1868,1076,20,18,7,19,67.45,34.35,0.05
4744,1868,1076,1,18,7,23,823.52,529.32,0.1
4745,1869,1078,6,2,5,25,441.8,202.95,0.05
4746,1870,1079,18,91,4,13,36.79,20.77,0
4747,1870,1079,5,91,4,6,528.23,270.34,0
4748,1870,1079,13,91,4,11,232.76,113.06,0.05
4749,1871,1079,11,59,10,6,583.49,372.45,0
4750,1871,1079,16,59,10,15,609.58,350.66,0
4751,1872,1080,10,3,9,22,579.74,303.54,0.1
4752,1872,1080,8,3,9,18,188.77,93.64,0
4753,1872,1080,18,3,9,21,36.79,20.77,0.05
4754,1872,1080,13,3,9,2,221.76,113.06,0.15
4755,1873,1080,13,57,9,6,232.76,113.06,0
4756,1873,1080,18,57,9,17,36.79,20.77,0
4757,1873,1080,7,57,9,15,120.11,77.26,0
4758,1874,1080,1,9,2,5,776.67,529.32,0.1
4759,1875,1081,2,50,9,12,1859.48,869.25,0.1
4760,1876,1081,6,54,10,25,441.8,202.95,0
4761,1876,1081,20,54,10,24,67.45,34.35,0.1
4762,1877,1081,5,85,2,16,528.23,270.34,0
4763,1877,1081,6,85,2,13,428.35,202.95,0.05
4764,1877,1081,10,85,2,20,579.74,303.54,0.15
4765,1878,1081,3,73,8,9,708.05,428.42,0
4766,1878,1081,18,73,8,18,36.79,20.77,0
4767,1878,1081,1,73,8,12,823.52,529.32,0.15
4768,1878,1081,7,73,8,4,108.03,77.26,0.05
4769,1879,1083,1,116,10,22,823.52,529.32,0.05
4770,1879,1083,18,116,10,24,33.27,20.77,0
4771,1879,1083,8,116,10,16,188.77,93.64,0
4772,1879,1083,9,116,10,19,603.18,339.37,0
4773,1880,1083,2,85,7,14,1859.48,869.25,0.05
4774,1880,1083,11,85,7,15,508.0,372.45,0
4775,1880,1083,18,85,7,18,36.79,20.77,0
4776,1881,1083,7,48,6,21,120.11,77.26,0.05
4777,1881,1083,21,48,6,3,43.25,23.36,0.05
4778,1882,1085,18,49,9,20,36.79,20.77,0.15
4779,1882,1085,16,49,9,5,609.58,350.66,0.05
4780,1882,1085,3,49,9,6,827.18,428.42,0.05
4781,1883,1085,14,24,3,14,1079.58,616.93,0
4782,1884,1085,15,28,4,25,1365.66,795.97,0.15
4783,1884,1085,3,28,4,23,827.18,428.42,0.15
4784,1884,1085,6,28,4,2,441.8,202.95,0.05
4785,1884,1085,5,28,4,2,528.23,270.34,0
4786,1885,1085,3,103,8,16,755.7,428.42,0.05
4787,1886,1086,5,1,1,23,528.23,270.34,0.05
4788,1886,1086,4,1,1,13,310.02,204.85,0.05
4789,1886,1086,17,1,1,14,721.87,373.03,0.05
4790,1887,1086,3,51,7,13,720.19,428.42,0.1
4791,1887,1086,6,51,7,17,428.89,202.95,0
4792,1887,1086,7,51,7,17,120.11,77.26,0
4793,1887,1086,14,51,7,21,1041.31,616.93,0.05
4794,1888,1086,10,90,12,20,528.61,303.54,0
4795,1889,1086,10,4,9,25,499.51,303.54,0
4796,1889,1086,2,4,9,15,1859.48,869.25,0
4797,1889,1086,9,4,9,17,523.49,339.37,0
4798,1890,1088,9,119,3,24,582.48,339.37,0.1
4799,1890,1088,8,119,3,3,188.77,93.64,0.05
4800,1891,1088,20,3,7,13,65.63,34.35,0.1
4801,1891,1088,5,3,7,4,528.23,270.34,0.05
4802,1892,1089,7,4,6,20,120.11,77.26,0
4803,1892,1089,16,4,6,18,609.58,350.66,0
4804,1893,1090,10,53,3,22,547.6,303.54,0
4805,1893,1090,6,53,3,14,441.8,202.95,0.05
4806,1894,1090,18,25,8,24,32.95,20.77,0.05
4807,1894,1090,13,25,8,12,216.93,113.06,0
4808,1895,1090,20,90,7,1,61.75,34.35,0
4809,1895,1090,18,90,7,24,36.79,20.77,0
4810,1895,1090,16,90,7,22,609.58,350.66,0.1
4811,1895,1090,4,90,7,7,323.12,204.85,0.15
4812,1896,1091,4,48,6,6,323.12,204.85,0.15
4813,1896,1091,18,48,6,14,34.8,20.77,0
4814,1896,1091,14,48,6,14,1191.81,616.93,0
4815,1896,1091,9,48,6,11,603.18,339.37,0.1
4816,1897,1091,9,66,10,10,521.19,339.37,0
4817,1897,1091,14,66,10,12,1191.81,616.93,0.05
4818,1897,1091,17,66,10,23,721.87,373.03,0
4819,1898,1091,11,70,8,20,583.49,372.45,0.15
4820,1898,1091,10,70,8,18,579.74,303.54,0.15
4821,1899,1091,16,108,9,3,609.58,350.66,0.1
4822,1899,1091,21,108,9,20,43.25,23.36,0.05
4823,1899,1091,20,108,9,1,67.45,34.35,0
4824,1900,1092,13,39,7,3,232.76,113.06,0.1
4825,1900,1092,8,39,7,6,188.77,93.64,0
4826,1900,1092,21,39,7,8,43.25,23.36,0
4827,1900,1092,4,39,7,5,323.12,204.85,0.15
4828,1901,1092,16,119,11,12,609.58,350.66,0
4829,1902,1092,8,43,12,13,188.77,93.64,0
4830,1902,1092,18,43,12,17,36.79,20.77,0.1
4831,1902,1092,19,43,12,5,819.01,488.55,0.1
4832,1903,1094,16,65,4,19,609.58,350.66,0.15
4833,1903,1094,6,65,4,7,441.8,202.95,0
4834,1903,1094,18,65,4,5,36.79,20.77,0.1
4835,1903,1094,10,65,4,15,579.74,303.54,0
4836,1904,1094,5,65,8,20,528.23,270.34,0.1
4837,1904,1094,1,65,8,3,823.52,529.32,0
4838,1905,1094,4,113,5,7,290.37,204.85,0.05
4839,1905,1094,19,113,5,18,819.01,488.55,0.1
4840,1906,1094,19,11,12,1,819.01,488.55,0.05
4841,1906,1094,1,11,12,19,823.52,529.32,0.15
4842,1906,1094,5,11,12,9,528.23,270.34,0.05
4843,1907,1095,4,66,3,3,323.12,204.85,0.05
4844,1907,1095,5,66,3,18,528.23,270.34,0
4845,1907,1095,15,66,3,20,1244.87,795.97,0.05
4846,1907,1095,2,66,3,15,1686.25,869.25,0
4847,1908,1095,10,51,6,21,579.74,303.54,0
4848,1908,1095,8,51,6,2,182.56,93.64,0
4849,1909,1095,12,66,7,6,650.29,395.69,0
4850,1909,1095,16,66,7,6,609.58,350.66,0
4851,1909,1095,20,66,7,12,67.45,34.35,0
4852,1909,1095,14,66,7,11,1191.81,616.93,0
4853,1910,1095,17,106,2,1,721.87,373.03,0.15
4854,1910,1095,10,106,2,10,518.74,303.54,0
4855,1910,1095,19,106,2,4,819.01,488.55,0
4856,1910,1095,14,106,2,5,1191.81,616.93,0.1
4857,1911,1096,10,1,11,1,579.74,303.54,0
4858,1912,1097,21,72,5,9,43.25,23.36,0.1
4859,1913,1097,15,105,7,25,1365.66,795.97,0
4860,1913,1097,19,105,7,23,783.03,488.55,0.15
4861,1913,1097,7,105,7,4,120.11,77.26,0.05
4862,1913,1097,16,105,7,9,609.58,350.66,0
4863,1914,1097,16,1,1,22,609.58,350.66,0
4864,1914,1097,1,1,1,8,823.52,529.32,0.1
4865,1915,1098,13,100,6,17,214.85,113.06,0.15
4866,1915,1098,11,100,6,7,583.49,372.45,0.05
4867,1915,1098,15,100,6,10,1365.66,795.97,0
4868,1915,1098,20,100,6,11,67.45,34.35,0
4869,1916,1099,12,95,3,1,600.27,395.69,0
4870,1916,1099,4,95,3,16,323.12,204.85,0.05
4871,1916,1099,5,95,3,14,528.23,270.34,0
4872,1917,1099,20,6,10,17,67.45,34.35,0
4873,1917,1099,13,6,10,17,200.74,113.06,0
4874,1917,1099,4,6,10,22,323.12,204.85,0.15
4875,1918,1100,4,2,2,23,323.12,204.85,0.15
4876,1918,1100,19,2,2,23,819.01,488.55,0
4877,1918,1100,2,2,2,20,1623.76,869.25,0.05
4878,1918,1100,1,2,2,23,823.52,529.32,0
4879,1919,1100,18,49,3,3,36.79,20.77,0
4880,1919,1100,17,49,3,23,721.87,373.03,0.05
4881,1920,1100,16,47,5,5,581.21,350.66,0.05
4882,1920,1100,3,47,5,8,777.62,428.42,0
4883,1921,1102,13,33,5,24,232.76,113.06,0
4884,1921,1102,8,33,5,1,188.77,93.64,0.1
4885,1921,1102,19,33,5,10,819.01,488.55,0.05
4886,1922,1102,13,46,5,16,232.76,113.06,0.05
4887,1922,1102,3,46,5,21,805.56,428.42,0.05
4888,1922,1102,4,46,5,4,323.12,204.85,0
4889,1922,1102,7,46,5,8,120.11,77.26,0.05
4890,1923,1102,8,74,5,11,188.77,93.64,0
4891,1923,1102,16,74,5,25,609.58,350.66,0
4892,1923,1102,1,74,5,9,823.52,529.32,0.05
4893,1924,1102,2,120,6,25,1803.6,869.25,0.15
4894,1924,1102,6,120,6,12,382.71,202.95,0.05
4895,1925,1103,17,33,6,2,721.87,373.03,0.1
4896,1925,1103,11,33,6,13,583.49,372.45,0.1
4897,1925,1103,2,33,6,8,1777.03,869.25,0.1
4898,1925,1103,4,33,6,21,307.91,204.85,0.15
4899,1926,1104,18,111,1,10,36.79,20.77,0
4900,1926,1104,20,111,1,9,67.45,34.35,0.15
4901,1926,1104,9,111,1,9,572.01,339.37,0.05
4902,1926,1104,7,111,1,14,110.53,77.26,0.1
4903,1927,1104,16,76,4,25,589.95,350.66,0
4904,1927,1104,14,76,4,4,1191.81,616.93,0.05
4905,1928,1104,14,47,5,14,1191.81,616.93,0
4906,1928,1104,7,47,5,15,120.11,77.26,0
4907,1929,1105,7,27,2,21,120.11,77.26,0.15
4908,1929,1105,5,27,2,8,528.23,270.34,0.15
4909,1930,1106,17,107,1,23,721.87,373.03,0.15
4910,1930,1106,18,107,1,19,33.39,20.77,0.05
4911,1931,1106,7,109,6,1,115.45,77.26,0.05
4912,1931,1106,17,109,6,10,627.81,373.03,0.05
4913,1932,1107,7,116,6,23,120.11,77.26,0.1
4914,1932,1107,3,116,6,18,827.18,428.42,0.15
4915,1932,1107,17,116,6,24,721.87,373.03,0.15
4916,1932,1107,21,116,6,23,43.25,23.36,0.1
4917,1933,1107,20,10,10,3,67.45,34.35,0
4918,1933,1107,12,10,10,8,650.29,395.69,0
4919,1933,1107,1,10,10,25,823.52,529.32,0.1
4920,1933,1107,17,10,10,1,721.87,373.03,0.05
4921,1934,1107,4,55,11,12,323.12,204.85,0
4922,1934,1107,5,55,11,12,528.23,270.34,0
4923,1934,1107,13,55,11,14,232.76,113.06,0
4924,1935,1107,20,87,9,13,65.98,34.35,0
4925,1935,1107,7,87,9,2,117.28,77.26,0.1
4926,1936,1108,12,57,10,25,650.29,395.69,0.1
4927,1936,1108,2,57,10,15,1859.48,869.25,0.05
4928,1937,1108,13,104,3,6,221.45,113.06,0.1
4929,1938,1109,13,58,6,1,208.91,113.06,0.05
4930,1938,1109,10,58,6,13,579.74,303.54,0.15
4931,1938,1109,4,58,6,11,304.81,204.85,0.05
4932,1939,1110,15,63,2,2,1365.66,795.97,0
4933,1939,1110,3,63,2,25,827.18,428.42,0
4934,1939,1110,18,63,2,22,33.19,20.77,0.05
4935,1940,1110,1,37,12,11,823.52,529.32,0.05
4936,1940,1110,8,37,12,12,188.77,93.64,0.15
4937,1940,1110,4,37,12,2,323.12,204.85,0.1
4938,1941,1110,14,100,1,13,1191.81,616.93,0
4939,1941,1110,8,100,1,12,188.77,93.64,0.05
4940,1941,1110,2,100,1,21,1859.48,869.25,0.05
4941,1941,1110,17,100,1,10,721.87,373.03,0.1
4942,1942,1110,3,113,11,3,746.3,428.42,0
4943,1943,1111,18,29,4,23,32.98,20.77,0.05
4944,1943,1111,5,29,4,2,528.23,270.34,0
4945,1944,1111,11,72,6,4,500.82,372.45,0
4946,1945,1111,13,16,2,4,232.76,113.06,0.1
4947,1945,1111,19,16,2,23,819.01,488.55,0.15
4948,1946,1112,13,85,2,20,232.76,113.06,0
4949,1947,1115,8,30,4,14,188.77,93.64,0.05
4950,1947,1115,17,30,4,2,721.87,373.03,0.1
4951,1948,1115,6,117,3,13,441.8,202.95,0
4952,1948,1115,3,117,3,5,827.18,428.42,0.1
4953,1949,1117,21,46,4,3,43.25,23.36,0
4954,1949,1117,3,46,4,21,827.18,428.42,0.05
4955,1949,1117,13,46,4,22,214.54,113.06,0.15
4956,1950,1117,5,82,12,14,528.23,270.34,0.05
4957,1950,1117,4,82,12,6,323.12,204.85,0
4958,1951,1118,21,24,8,14,43.25,23.36,0
4959,1951,1118,12,24,8,20,650.29,395.69,0
4960,1951,1118,7,24,8,3,120.11,77.26,0.1
4961,1952,1118,16,22,7,22,609.58,350.66,0.1
4962,1952,1118,17,22,7,4,721.87,373.03,0
4963,1952,1118,15,22,7,14,1215.8,795.97,0
4964,1952,1118,9,22,7,24,603.18,339.37,0.15
4965,1953,1119,1,35,8,13,787.35,529.32,0.1
4966,1953,1119,17,35,8,24,721.87,373.03,0.05
4967,1953,1119,11,35,8,5,535.2,372.45,0
4968,1953,1119,5,35,8,7,528.23,270.34,0
4969,1954,1119,13,60,8,16,232.76,113.06,0
4970,1954,1119,6,60,8,6,441.8,202.95,0.1
4971,1954,1119,5,60,8,12,469.39,270.34,0
4972,1954,1119,14,60,8,12,1191.81,616.93,0.15
4973,1955,1119,21,87,1,11,39.08,23.36,0
4974,1955,1119,11,87,1,4,583.49,372.45,0.15
4975,1955,1119,1,87,1,24,723.53,529.32,0
4976,1956,1119,8,42,1,24,188.77,93.64,0.05
4977,1957,1121,12,90,9,1,597.0,395.69,0
4978,1957,1121,11,90,9,13,583.49,372.45,0.15
4979,1957,1121,1,90,9,21,823.52,529.32,0.15
4980,1957,1121,6,90,9,6,441.8,202.95,0
4981,1958,1121,11,49,10,2,583.49,372.45,0
4982,1958,1121,20,49,10,6,67.45,34.35,0.05
4983,1958,1121,18,49,10,25,36.79,20.77,0
4984,1959,1121,10,102,3,20,579.74,303.54,0
4985,1960,1121,16,53,4,21,609.58,350.66,0.1
4986,1961,1122,9,82,3,17,603.18,339.37,0
4987,1962,1123,18,99,8,21,36.79,20.77,0.1
4988,1963,1123,7,50,5,7,120.11,77.26,0
4989,1963,1123,18,50,5,2,32.1,20.77,0.1
4990,1964,1124,5,11,9,2,455.07,270.34,0.15
4991,1964,1124,20,11,9,13,64.69,34.35,0
4992,1964,1124,3,11,9,11,827.18,428.42,0.05
4993,1964,1124,1,11,9,9,769.8,529.32,0
4994,1965,1124,20,68,6,24,67.45,34.35,0
4995,1966,1125,4,60,3,17,305.0,204.85,0.1
4996,1966,1125,2,60,3,2,1859.48,869.25,0.1
4997,1966,1125,7,60,3,5,120.11,77.26,0
4998,1966,1125,13,60,3,17,232.76,113.06,0.05
4999,1967,1126,16,103,5,10,556.46,350.66,0
5000,1967,1126,19,103,5,1,819.01,488.55,0.15
5001,1967,1126,15,103,5,2,1264.5,795.97,0
5002,1967,1126,5,103,5,7,528.23,270.34,0.15
5003,1968,1126,20,27,2,1,67.45,34.35,0
5004,1968,1126,18,27,2,23,36.79,20.77,0
5005,1969,1127,1,14,12,1,823.52,529.32,0
5006,1969,1127,13,14,12,13,202.84,113.06,0
5007,1969,1127,20,14,12,3,67.45,34.35,0.05
5008,1970,1127,12,31,3,1,650.29,395.69,0
5009,1970,1127,9,31,3,7,603.18,339.37,0
5010,1970,1127,3,31,3,14,827.18,428.42,0.05
5011,1970,1127,2,31,3,12,1732.53,869.25,0.15
5012,1971,1127,1,118,9,12,823.52,529.32,0
5013,1971,1127,4,118,9,13,323.12,204.85,0.1
5014,1972,1127,6,62,9,4,393.83,202.95,0.1
5015,1972,1127,5,62,9,18,528.23,270.34,0
5016,1972,1127,12,62,9,24,650.29,395.69,0
5017,1973,1128,13,13,1,20,232.76,113.06,0
5018,1973,1128,21,13,1,14,43.25,23.36,0
5019,1973,1128,7,13,1,17,113.52,77.26,0.05
5020,1974,1128,17,71,7,6,721.87,373.03,0
5021,1974,1128,15,71,7,19,1365.66,795.97,0
5022,1974,1128,21,71,7,18,38.82,23.36,0
5023,1975,1128,17,60,3,12,721.87,373.03,0.05
5024,1975,1128,4,60,3,18,323.12,204.85,0.1
5025,1975,1128,6,60,3,16,441.8,202.95,0
5026,1976,1129,2,97,9,2,1859.48,869.25,0
5027,1976,1129,8,97,9,15,188.77,93.64,0
5028,1976,1129,17,97,9,12,721.87,373.03,0
5029,1976,1129,9,97,9,6,603.18,339.37,0.05
5030,1977,1129,20,96,6,20,67.45,34.35,0.1
5031,1977,1129,4,96,6,17,291.89,204.85,0
5032,1978,1129,1,117,10,22,823.52,529.32,0.1
5033,1979,1131,21,23,5,24,37.35,23.36,0.05
5034,1979,1131,19,23,5,16,819.01,488.55,0
5035,1980,1131,2,43,3,10,1682.98,869.25,0
5036,1980,1131,6,43,3,8,380.85,202.95,0
5037,1980,1131,19,43,3,5,715.76,488.55,0
5038,1980,1131,1,43,3,15,823.52,529.32,0.05
5039,1981,1131,16,68,3,13,609.58,350.66,0
5040,1981,1131,7,68,3,14,120.11,77.26,0
5041,1981,1131,8,68,3,6,188.77,93.64,0.1
5042,1982,1131,21,80,7,12,43.25,23.36,0
5043,1982,1131,13,80,7,8,232.76,113.06,0
5044,1982,1131,3,80,7,5,827.18,428.42,0
5045,1982,1131,16,80,7,5,609.58,350.66,0
5046,1983,1133,6,110,7,20,401.65,202.95,0
5047,1983,1133,17,110,7,17,721.87,373.03,0.05
5048,1983,1133,9,110,7,1,603.18,339.37,0.1
5049,1984,1134,20,59,1,7,67.45,34.35,0
5050,1985,1134,4,92,8,15,323.12,204.85,0
5051,1985,1134,5,92,8,17,528.23,270.34,0.05
5052,1985,1134,12,92,8,5,650.29,395.69,0.1
5053,1985,1134,15,92,8,6,1165.59,795.97,0.1
5054,1986,1134,21,13,11,19,43.25,23.36,0.05
5055,1987,1134,16,48,12,23,609.58,350.66,0.05
5056,1987,1134,6,48,12,9,376.4,202.95,0.05
5057,1987,1134,7,48,12,22,120.11,77.26,0.1
5058,1987,1134,5,48,12,22,528.23,270.34,0
5059,1988,1135,13,18,3,4,232.76,113.06,0
5060,1988,1135,8,18,3,4,188.77,93.64,0.05
5061,1988,1135,14,18,3,8,1191.81,616.93,0.15
5062,1988,1135,10,18,3,6,579.74,303.54,0.1
5063,1989,1136,7,45,1,3,120.11,77.26,0
5064,1989,1136,9,45,1,23,548.89,339.37,0.15
5065,1989,1136,17,45,1,23,721.87,373.03,0
5066,1989,1136,11,45,1,1,583.49,372.45,0
5067,1990,1136,17,51,5,6,626.96,373.03,0
5068,1990,1136,7,51,5,6,120.11,77.26,0.1
5069,1990,1136,16,51,5,15,609.58,350.66,0.15
5070,1991,1137,5,62,8,21,528.23,270.34,0
5071,1991,1137,4,62,8,15,323.12,204.85,0
5072,1992,1137,3,52,1,6,756.81,428.42,0
5073,1992,1137,21,52,1,25,40.14,23.36,0
5074,1993,1137,15,3,3,19,1249.06,795.97,0.1
5075,1993,1137,13,3,3,1,232.76,113.06,0.15
5076,1994,1138,9,106,4,4,603.18,339.37,0.1
5077,1994,1138,1,106,4,3,823.52,529.32,0.15
5078,1994,1138,10,106,4,13,579.74,303.54,0
5079,1994,1138,11,106,4,12,521.0,372.45,0
5080,1995,1139,21,86,11,6,43.25,23.36,0
5081,1995,1139,11,86,11,21,583.49,372.45,0
5082,1995,1139,6,86,11,5,441.8,202.95,0
5083,1996,1139,17,48,1,23,721.87,373.03,0.05
5084,1996,1139,13,48,1,12,232.76,113.06,0
5085,1997,1139,15,75,2,19,1365.66,795.97,0.05
5086,1997,1139,8,75,2,9,188.77,93.64,0
5087,1998,1139,19,50,11,13,819.01,488.55,0
5088,1999,1140,16,69,7,11,609.58,350.66,0.1
5089,2000,1140,14,14,7,24,1191.81,616.93,0
5090,2001,1140,17,42,2,24,721.87,373.03,0.05
5091,2001,1140,11,42,2,14,583.49,372.45,0.05
5092,2001,1140,16,42,2,8,609.58,350.66,0
5093,2002,1140,19,13,3,11,819.01,488.55,0.1
5094,2003,1141,3,13,3,14,723.46,428.42,0
5095,2003,1141,6,13,3,2,411.07,202.95,0.1
5096,2004,1141,16,114,2,22,591.27,350.66,0
5097,2004,1141,20,114,2,3,67.45,34.35,0
5098,2005,1141,4,93,8,10,323.12,204.85,0.15
5099,2005,1141,12,93,8,12,650.29,395.69,0.15
5100,2005,1141,3,93,8,22,827.18,428.42,0
5101,2006,1141,11,35,4,2,583.49,372.45,0
5102,2006,1141,5,35,4,2,528.23,270.34,0
5103,2006,1141,10,35,4,14,521.15,303.54,0
5104,2006,1141,9,35,4,16,603.18,339.37,0.15
5105,2007,1142,21,4,9,13,43.25,23.36,0
5106,2008,1143,16,111,2,23,609.58,350.66,0.05
5107,2008,1143,9,111,2,6,549.48,339.37,0
5108,2008,1143,2,111,2,10,1859.48,869.25,0.05
5109,2008,1143,8,111,2,25,188.77,93.64,0.15
5110,2009,1143,19,51,8,11,742.69,488.55,0.05
5111,2010,1143,18,46,4,6,36.79,20.77,0.05
5112,2010,1143,11,46,4,9,583.49,372.45,0
5113,2010,1143,13,46,4,3,214.55,113.06,0
5114,2010,1143,17,46,4,6,721.87,373.03,0.15
5115,2011,1144,14,94,6,4,1191.81,616.93,0
5116,2012,1144,13,27,10,3,220.12,113.06,0.15
5117,2012,1144,9,27,10,13,603.18,339.37,0
5118,2012,1144,1,27,10,16,749.59,529.32,0.1
5119,2012,1144,5,27,10,18,528.23,270.34,0
5120,2013,1145,9,25,6,13,603.18,339.37,0
5121,2013,1145,19,25,6,23,768.47,488.55,0.05
5122,2013,1145,13,25,6,8,206.46,113.06,0
5123,2014,1145,14,4,4,11,1191.81,616.93,0.15
5124,2014,1145,16,4,4,6,609.58,350.66,0
5125,2015,1146,1,112,4,15,769.84,529.32,0
5126,2016,1146,7,73,10,1,120.11,77.26,0
5127,2016,1146,16,73,10,19,585.01,350.66,0.1
5128,2017,1146,5,115,9,7,467.21,270.34,0
5129,2017,1146,14,115,9,14,1097.41,616.93,0.05
5130,2017,1146,6,115,9,4,383.81,202.95,0.05
5131,2017,1146,18,115,9,20,36.79,20.77,0.1
5132,2018,1147,8,35,9,20,188.77,93.64,0
5133,2018,1147,15,35,9,16,1365.66,795.97,0.1
5134,2018,1147,20,35,9,11,67.45,34.35,0.1
5135,2018,1147,3,35,9,4,765.3,428.42,0
5136,2019,1149,8,104,10,10,188.77,93.64,0
5137,2019,1149,15,104,10,19,1178.7,795.97,0.1
5138,2019,1149,18,104,10,23,36.79,20.77,0.1
5139,2019,1149,16,104,10,14,609.58,350.66,0.15
5140,2020,1149,7,81,10,1,120.11,77.26,0.15
5141,2020,1149,18,81,10,18,36.79,20.77,0.15
5142,2020,1149,1,81,10,12,703.61,529.32,0
5143,2021,1150,3,39,2,2,827.18,428.42,0
5144,2021,1150,11,39,2,2,583.49,372.45,0
5145,2021,1150,15,39,2,23,1290.17,795.97,0.05
5146,2021,1150,21,39,2,24,43.25,23.36,0.05
5147,2022,1150,16,101,3,5,609.58,350.66,0.1
5148,2022,1150,19,101,3,2,819.01,488.55,0.1
5149,2022,1150,20,101,3,13,67.45,34.35,0
5150,2022,1150,17,101,3,13,721.87,373.03,0
5151,2023,1151,7,84,5,16,116.56,77.26,0
5152,2023,1151,15,84,5,16,1174.24,795.97,0.1
5153,2023,1151,14,84,5,22,1191.81,616.93,0.15
5154,2023,1151,9,84,5,19,603.18,339.37,0
5155,2024,1151,12,90,3,4,650.29,395.69,0.05
5156,2024,1151,13,90,3,24,232.76,113.06,0.15
5157,2024,1151,20,90,3,22,67.45,34.35,0
5158,2024,1151,9,90,3,17,603.18,339.37,0.05
5159,2025,1151,6,13,6,23,441.8,202.95,0.1
5160,2025,1151,4,13,6,24,323.12,204.85,0.15
5161,2025,1151,18,13,6,24,36.79,20.77,0.15
5162,2026,1152,6,64,2,22,441.8,202.95,0.1
5163,2026,1152,4,64,2,2,323.12,204.85,0.05
5164,2027,1152,7,106,4,5,120.11,77.26,0.15
5165,2027,1152,21,106,4,3,40.16,23.36,0.15
5166,2027,1152,15,106,4,1,1365.66,795.97,0
5167,2027,1152,13,106,4,23,232.76,113.06,0
5168,2028,1152,7,92,2,19,120.11,77.26,0
5169,2028,1152,18,92,2,14,36.79,20.77,0
5170,2029,1152,21,74,1,18,43.25,23.36,0.05
5171,2029,1152,5,74,1,8,528.23,270.34,0.15
5172,2029,1152,7,74,1,9,120.11,77.26,0.15
5173,2029,1152,14,74,1,21,1191.81,616.93,0
5174,2030,1153,16,19,10,22,609.58,350.66,0
5175,2030,1153,2,19,10,18,1859.48,869.25,0
5176,2030,1153,6,19,10,19,441.8,202.95,0
5177,2030,1153,12,19,10,15,650.29,395.69,0.1
5178,2031,1153,13,39,9,23,232.76,113.06,0
5179,2031,1153,7,39,9,2,120.11,77.26,0
5180,2031,1153,15,39,9,21,1269.76,795.97,0
5181,2031,1153,18,39,9,2,36.79,20.77,0.1
5182,2032,1154,17,10,1,14,666.13,373.03,0
5183,2033,1154,11,2,9,9,583.49,372.45,0
5184,2033,1154,21,2,9,1,43.25,23.36,0
5185,2033,1154,5,2,9,25,528.23,270.34,0.1
5186,2033,1154,20,2,9,12,59.54,34.35,0
5187,2034,1154,16,43,5,5,543.45,350.66,0.15
5188,2035,1154,16,39,3,2,609.58,350.66,0.15
5189,2035,1154,19,39,3,18,819.01,488.55,0.05
5190,2035,1154,18,39,3,13,31.92,20.77,0.1
5191,2035,1154,2,39,3,6,1859.48,869.25,0.05
5192,2036,1155,17,36,6,13,721.87,373.03,0
5193,2036,1155,19,36,6,9,819.01,488.55,0
5194,2036,1155,15,36,6,17,1176.34,795.97,0
5195,2036,1155,6,36,6,2,441.8,202.95,0.15
5196,2037,1155,8,4,9,23,188.77,93.64,0.05
5197,2038,1155,8,64,3,9,188.77,93.64,0.15
5198,2038,1155,2,64,3,18,1859.48,869.25,0
5199,2039,1155,14,119,11,22,1191.81,616.93,0.1
5200,2039,1155,8,119,11,2,188.77,93.64,0
5201,2039,1155,21,119,11,2,41.0,23.36,0.05
5202,2040,1156,1,110,11,15,823.52,529.32,0.15
5203,2040,1156,2,110,11,6,1859.48,869.25,0.1
5204,2040,1156,13,110,11,16,232.76,113.06,0
5205,2041,1156,17,27,6,7,721.87,373.03,0.05
5206,2041,1156,14,27,6,17,1191.81,616.93,0.15
5207,2041,1156,1,27,6,13,823.52,529.32,0
5208,2042,1156,9,105,11,2,603.18,339.37,0
5209,2042,1156,5,105,11,9,491.37,270.34,0
5210,2042,1156,3,105,11,12,827.18,428.42,0.05
5211,2043,1156,19,64,6,25,819.01,488.55,0
5212,2043,1156,17,64,6,20,721.87,373.03,0.05
5213,2044,1157,7,44,2,24,110.2,77.26,0
5214,2044,1157,11,44,2,21,567.84,372.45,0
5215,2044,1157,2,44,2,21,1859.48,869.25,0
5216,2045,1157,21,73,4,4,41.31,23.36,0.05
5217,2045,1157,6,73,4,7,441.8,202.95,0
5218,2045,1157,8,73,4,15,188.77,93.64,0.05
5219,2045,1157,13,73,4,2,232.76,113.06,0.15
5220,2046,1157,19,58,8,23,819.01,488.55,0.1
5221,2046,1157,16,58,8,14,609.58,350.66,0.05
5222,2047,1157,15,86,2,23,1365.66,795.97,0.1
5223,2047,1157,20,86,2,5,67.45,34.35,0
5224,2047,1157,2,86,2,22,1859.48,869.25,0.05
5225,2048,1158,7,4,10,9,120.11,77.26,0
5226,2048,1158,16,4,10,19,589.92,350.66,0
5227,2048,1158,10,4,10,19,579.74,303.54,0.1
5228,2049,1159,2,27,1,2,1722.45,869.25,0
5229,2049,1159,12,27,1,9,650.29,395.69,0
5230,2049,1159,19,27,1,3,763.46,488.55,0.15
5231,2050,1160,12,35,11,25,650.29,395.69,0
5232,2050,1160,16,35,11,21,609.58,350.66,0.05
5233,2050,1160,21,35,11,16,43.25,23.36,0
5234,2050,1160,2,35,11,7,1859.48,869.25,0.1
5235,2051,1161,17,99,7,6,721.87,373.03,0
5236,2051,1161,8,99,7,4,188.77,93.64,0
5237,2051,1161,13,99,7,11,232.76,113.06,0
5238,2052,1162,19,42,4,5,819.01,488.55,0.15
5239,2053,1162,7,87,10,22,120.11,77.26,0.1
5240,2054,1164,16,14,6,18,561.73,350.66,0.1
5241,2054,1164,15,14,6,6,1365.66,795.97,0
5242,2054,1164,2,14,6,7,1859.48,869.25,0
5243,2054,1164,11,14,6,25,583.49,372.45,0
5244,2055,1165,13,91,10,5,232.76,113.06,0.15
5245,2055,1165,8,91,10,25,162.14,93.64,0.05
5246,2055,1165,16,91,10,24,609.58,350.66,0
5247,2056,1165,12,7,6,13,650.29,395.69,0.05
5248,2056,1165,2,7,6,14,1859.48,869.25,0
5249,2057,1165,11,56,5,16,583.49,372.45,0.15
5250,2058,1165,4,118,2,23,323.12,204.85,0.15
5251,2058,1165,1,118,2,8,823.52,529.32,0
5252,2059,1166,10,100,5,23,579.74,303.54,0.15
5253,2059,1166,4,100,5,15,323.12,204.85,0
5254,2059,1166,9,100,5,13,603.18,339.37,0
5255,2059,1166,19,100,5,24,819.01,488.55,0.15
5256,2060,1166,21,20,1,7,43.25,23.36,0.15
5257,2060,1166,8,20,1,7,188.77,93.64,0.1
5258,2060,1166,15,20,1,25,1365.66,795.97,0
5259,2061,1167,10,26,7,21,579.74,303.54,0.1
5260,2061,1167,15,26,7,12,1365.66,795.97,0.1
5261,2061,1167,4,26,7,20,323.12,204.85,0.05
5262,2061,1167,20,26,7,18,67.45,34.35,0.1
5263,2062,1168,12,41,9,20,575.83,395.69,0.15
5264,2062,1168,1,41,9,17,823.52,529.32,0.15
5265,2062,1168,7,41,9,4,120.11,77.26,0
5266,2063,1168,5,3,9,1,528.23,270.34,0
5267,2064,1168,17,50,11,25,692.71,373.03,0.05
5268,2064,1168,8,50,11,13,188.77,93.64,0.05
5269,2064,1168,19,50,11,8,819.01,488.55,0.05
5270,2065,1170,18,46,12,5,35.98,20.77,0
5271,2065,1170,5,46,12,16,528.23,270.34,0.1
5272,2065,1170,3,46,12,8,704.06,428.42,0.1
5273,2065,1170,15,46,12,9,1365.66,795.97,0
5274,2066,1172,20,2,4,14,67.45,34.35,0
5275,2066,1172,3,2,4,14,827.18,428.42,0
5276,2067,1172,6,81,9,1,441.8,202.95,0
5277,2067,1172,14,81,9,20,1166.65,616.93,0
5278,2067,1172,18,81,9,16,36.79,20.77,0.05
5279,2068,1172,17,99,1,24,615.43,373.03,0.1
5280,2068,1172,9,99,1,11,603.18,339.37,0.05
5281,2068,1172,15,99,1,6,1365.66,795.97,0.1
5282,2069,1173,21,44,6,6,43.25,23.36,0
5283,2070,1174,5,2,6,6,528.23,270.34,0
5284,2070,1174,13,2,6,5,232.76,113.06,0
5285,2070,1174,7,2,6,19,120.11,77.26,0
5286,2070,1174,1,2,6,19,823.52,529.32,0.1
5287,2071,1174,1,13,7,16,755.36,529.32,0
5288,2072,1174,9,97,3,1,603.18,339.37,0
5289,2073,1175,10,44,7,12,579.74,303.54,0
5290,2073,1175,17,44,7,14,721.87,373.03,0
5291,2073,1175,14,44,7,8,1191.81,616.93,0
5292,2073,1175,15,44,7,8,1239.41,795.97,0.1
5293,2074,1175,7,70,5,8,120.11,77.26,0
5294,2074,1175,4,70,5,7,323.12,204.85,0
5295,2075,1175,20,75,3,13,67.45,34.35,0
5296,2075,1175,5,75,3,3,528.23,270.34,0
5297,2076,1175,17,48,7,7,721.87,373.03,0.1
5298,2076,1175,6,48,7,11,441.8,202.95,0.1
5299,2077,1176,7,71,9,15,114.44,77.26,0.15
5300,2077,1176,21,71,9,17,43.25,23.36,0
5301,2078,1176,6,107,1,15,441.8,202.95,0.05
5302,2079,1176,21,119,2,13,43.25,23.36,0.15
5303,2079,1176,3,119,2,4,827.18,428.42,0
5304,2079,1176,9,119,2,18,603.18,339.37,0.1
5305,2080,1177,18,10,10,5,36.79,20.77,0
5306,2080,1177,6,10,10,22,441.8,202.95,0
5307,2080,1177,11,10,10,15,536.83,372.45,0.1
5308,2080,1177,19,10,10,21,819.01,488.55,0
5309,2081,1177,18,75,9,6,36.79,20.77,0
5310,2081,1177,2,75,9,19,1859.48,869.25,0
5311,2081,1177,4,75,9,11,323.12,204.85,0.15
5312,2081,1177,10,75,9,19,555.03,303.54,0
5313,2082,1178,21,102,10,16,43.25,23.36,0.05
5314,2082,1178,4,102,10,13,281.35,204.85,0.1
5315,2082,1178,1,102,10,24,823.52,529.32,0.1
5316,2083,1178,13,43,10,21,232.76,113.06,0.1
5317,2083,1178,19,43,10,19,819.01,488.55,0
5318,2083,1178,12,43,10,24,650.29,395.69,0.15
5319,2083,1178,7,43,10,6,120.11,77.26,0
5320,2084,1179,19,33,11,14,819.01,488.55,0.15
5321,2084,1179,6,33,11,18,441.8,202.95,0.1
5322,2084,1179,8,33,11,17,188.77,93.64,0.05
5323,2085,1179,18,47,10,22,32.17,20.77,0
5324,2085,1179,11,47,10,13,583.49,372.45,0.1
5325,2085,1179,19,47,10,12,819.01,488.55,0
5326,2085,1179,3,47,10,24,827.18,428.42,0
5327,2086,1179,2,103,4,24,1859.48,869.25,0.05
5328,2086,1179,18,103,4,3,36.79,20.77,0.1
5329,2086,1179,1,103,4,4,823.52,529.32,0.1
5330,2087,1180,5,81,5,14,528.23,270.34,0
5331,2087,1180,1,81,5,11,772.44,529.32,0.05
5332,2088,1180,3,89,7,15,737.28,428.42,0.1
5333,2088,1180,21,89,7,20,43.25,23.36,0
5334,2088,1180,2,89,7,10,1859.48,869.25,0.15
5335,2089,1180,4,25,10,4,285.9,204.85,0
5336,2089,1180,17,25,10,7,721.87,373.03,0.1
5337,2089,1180,9,25,10,11,603.18,339.37,0
5338,2089,1180,11,25,10,23,583.49,372.45,0.1
5339,2090,1180,16,80,11,19,609.58,350.66,0.15
5340,2090,1180,21,80,11,12,43.25,23.36,0.15
5341,2090,1180,14,80,11,20,1042.0,616.93,0
5342,2090,1180,19,80,11,10,819.01,488.55,0.1
5343,2091,1181,12,89,1,8,650.29,395.69,0.05
5344,2092,1182,8,37,8,2,188.77,93.64,0.1
5345,2093,1182,14,7,8,10,1093.17,616.93,0
5346,2094,1182,9,112,1,5,573.04,339.37,0.1
5347,2095,1183,15,23,5,23,1365.66,795.97,0.1
5348,2095,1183,10,23,5,8,579.74,303.54,0
5349,2096,1183,2,16,12,23,1859.48,869.25,0
5350,2096,1183,21,16,12,10,43.25,23.36,0
5351,2096,1183,17,16,12,17,721.87,373.03,0
5352,2096,1183,10,16,12,15,579.74,303.54,0
5353,2097,1183,3,14,12,21,737.19,428.42,0.05
5354,2097,1183,16,14,12,11,609.58,350.66,0
5355,2097,1183,17,14,12,14,721.87,373.03,0.1
5356,2098,1184,18,3,11,1,36.79,20.77,0
5357,2099,1186,19,88,6,21,819.01,488.55,0.1
5358,2099,1186,18,88,6,21,34.3,20.77,0.15
5359,2100,1186,11,114,10,1,583.49,372.45,0.15
5360,2100,1186,17,114,10,5,721.87,373.03,0.1
5361,2100,1186,1,114,10,25,823.52,529.32,0.1
5362,2101,1186,3,48,11,5,827.18,428.42,0.15
5363,2101,1186,5,48,11,25,528.23,270.34,0
5364,2101,1186,7,48,11,12,120.11,77.26,0
5365,2102,1186,5,10,2,12,459.33,270.34,0.05
5366,2102,1186,4,10,2,1,323.12,204.85,0
5367,2103,1187,4,51,5,1,323.12,204.85,0.05
5368,2103,1187,7,51,5,16,109.9,77.26,0.15
5369,2103,1187,6,51,5,5,388.03,202.95,0.15
5370,2103,1187,11,51,5,18,583.49,372.45,0.05
5371,2104,1187,8,8,5,4,188.77,93.64,0.1
5372,2104,1187,4,8,5,15,323.12,204.85,0.1
5373,2104,1187,17,8,5,6,721.87,373.03,0.15
5374,2104,1187,12,8,5,1,650.29,395.69,0
5375,2105,1187,13,54,9,3,232.76,113.06,0.1
5376,2105,1187,11,54,9,4,583.49,372.45,0.15
5377,2105,1187,3,54,9,24,827.18,428.42,0.15
5378,2105,1187,9,54,9,23,603.18,339.37,0
5379,2106,1187,7,74,8,23,113.42,77.26,0
5380,2106,1187,12,74,8,19,650.29,395.69,0
5381,2107,1188,8,63,5,6,188.77,93.64,0.05
5382,2108,1190,1,106,5,7,823.52,529.32,0.15
5383,2108,1190,19,106,5,11,819.01,488.55,0.05
5384,2108,1190,15,106,5,5,1365.66,795.97,0
5385,2108,1190,7,106,5,8,120.11,77.26,0.05
5386,2109,1190,5,76,2,18,528.23,270.34,0
5387,2110,1191,9,57,10,25,603.18,339.37,0
5388,2111,1191,17,68,10,23,721.87,373.03,0.1
5389,2112,1191,21,116,12,8,41.07,23.36,0.1
5390,2112,1191,8,116,12,14,179.41,93.64,0.05
5391,2112,1191,6,116,12,13,422.32,202.95,0.15
5392,2113,1192,19,51,4,18,819.01,488.55,0
5393,2113,1192,9,51,4,16,603.18,339.37,0.15
5394,2113,1192,8,51,4,22,188.77,93.64,0
5395,2114,1192,15,86,4,4,1365.66,795.97,0
5396,2114,1192,17,86,4,15,721.87,373.03,0.15
5397,2115,1192,8,5,5,10,173.05,93.64,0
5398,2116,1193,1,18,9,23,823.52,529.32,0.15
5399,2116,1193,8,18,9,3,181.6,93.64,0
5400,2116,1193,16,18,9,7,609.58,350.66,0
5401,2117,1193,6,26,7,19,441.8,202.95,0.1
5402,2118,1194,9,89,10,13,603.18,339.37,0
5403,2118,1194,12,89,10,8,599.31,395.69,0.1
5404,2119,1194,21,54,3,9,43.25,23.36,0.1
5405,2119,1194,5,54,3,21,451.53,270.34,0.05
5406,2119,1194,14,54,3,17,1167.23,616.93,0
5407,2120,1202,16,69,8,22,526.27,350.66,0.05
5408,2120,1202,2,69,8,21,1859.48,869.25,0.1
5409,2120,1202,10,69,8,24,579.74,303.54,0.15
5410,2121,1202,16,97,3,6,609.58,350.66,0
5411,2121,1202,15,97,3,7,1365.66,795.97,0
5412,2122,1202,8,14,3,13,188.77,93.64,0.05
5413,2122,1202,3,14,3,2,827.18,428.42,0
5414,2122,1202,11,14,3,25,583.49,372.45,0
5415,2123,1204,4,98,11,4,296.13,204.85,0.05
5416,2123,1204,2,98,11,16,1859.48,869.25,0.1
5417,2123,1204,8,98,11,3,188.77,93.64,0
5418,2124,1206,19,42,4,10,819.01,488.55,0
5419,2124,1206,3,42,4,18,827.18,428.42,0
5420,2125,1206,12,72,12,9,650.29,395.69,0.05
5421,2126,1206,1,64,4,23,823.52,529.32,0
5422,2127,1206,17,34,8,13,721.87,373.03,0.1
5423,2127,1206,9,34,8,25,603.18,339.37,0
5424,2128,1207,17,6,10,9,721.87,373.03,0.15
5425,2128,1207,4,6,10,23,323.12,204.85,0
5426,2129,1207,4,90,10,17,323.12,204.85,0.15
5427,2129,1207,15,90,10,22,1365.66,795.97,0
5428,2129,1207,10,90,10,20,579.74,303.54,0
5429,2130,1207,13,76,6,2,209.84,113.06,0
5430,2130,1207,10,76,6,19,542.38,303.54,0
5431,2130,1207,14,76,6,9,1191.81,616.93,0.1
5432,2131,1208,12,101,5,19,650.29,395.69,0
5433,2131,1208,7,101,5,22,120.11,77.26,0.05
5434,2132,1208,3,52,7,13,716.97,428.42,0
5435,2132,1208,15,52,7,15,1299.43,795.97,0.15
5436,2132,1208,17,52,7,6,706.45,373.03,0
5437,2132,1208,5,52,7,25,528.23,270.34,0
5438,2133,1209,16,95,11,14,609.58,350.66,0.05
5439,2133,1209,10,95,11,15,579.74,303.54,0
5440,2134,1209,14,84,12,20,1032.47,616.93,0
5441,2134,1209,12,84,12,23,555.93,395.69,0
5442,2135,1211,4,93,11,10,293.65,204.85,0
5443,2136,1211,20,68,5,15,67.45,34.35,0
5444,2137,1211,16,66,4,19,540.37,350.66,0.05
5445,2137,1211,21,66,4,23,43.25,23.36,0
5446,2138,1211,12,26,7,23,650.29,395.69,0.15
5447,2138,1211,14,26,7,11,1191.81,616.93,0.15
5448,2138,1211,8,26,7,23,188.77,93.64,0
5449,2139,1212,20,43,11,3,67.45,34.35,0.1
5450,2139,1212,3,43,11,14,827.18,428.42,0.1
5451,2139,1212,8,43,11,16,188.77,93.64,0
5452,2139,1212,12,43,11,18,604.22,395.69,0.1
5453,2140,1212,2,25,4,12,1859.48,869.25,0
5454,2140,1212,1,25,4,1,823.52,529.32,0.05
5455,2140,1212,17,25,4,24,631.25,373.03,0
5456,2141,1212,1,90,3,16,823.52,529.32,0.05
5457,2142,1213,16,106,3,25,609.58,350.66,0.1
5458,2142,1213,14,106,3,5,1191.81,616.93,0.15
5459,2142,1213,3,106,3,18,827.18,428.42,0.15
5460,2142,1213,17,106,3,4,721.87,373.03,0
5461,2143,1213,14,57,8,13,1191.81,616.93,0.05
5462,2144,1213,7,50,6,10,120.11,77.26,0.05
5463,2144,1213,10,50,6,2,579.74,303.54,0
5464,2145,1213,12,68,7,7,650.29,395.69,0
5465,2145,1213,5,68,7,10,528.23,270.34,0.1
5466,2146,1214,11,37,2,16,583.49,372.45,0
5467,2146,1214,16,37,2,10,579.97,350.66,0
5468,2146,1214,20,37,2,20,67.45,34.35,0.15
5469,2147,1214,15,115,9,4,1365.66,795.97,0
5470,2147,1214,20,115,9,2,67.45,34.35,0
5471,2147,1214,10,115,9,24,579.74,303.54,0.05
5472,2148,1214,21,46,9,15,40.72,23.36,0.05
5473,2148,1214,3,46,9,25,827.18,428.42,0
5474,2148,1214,20,46,9,5,66.08,34.35,0
5475,2149,1215,7,112,12,9,104.52,77.26,0.05
5476,2149,1215,3,112,12,24,827.18,428.42,0.15
5477,2149,1215,20,112,12,20,67.45,34.35,0
5478,2150,1215,2,83,2,13,1859.48,869.25,0
5479,2150,1215,6,83,2,15,441.8,202.95,0.15
5480,2151,1215,8,64,11,24,188.77,93.64,0
5481,2151,1215,15,64,11,15,1365.66,795.97,0.1
5482,2151,1215,16,64,11,25,609.58,350.66,0.1
5483,2152,1215,2,87,3,25,1859.48,869.25,0.05
5484,2152,1215,17,87,3,21,721.87,373.03,0.1
5485,2152,1215,21,87,3,13,43.25,23.36,0.05
5486,2152,1215,9,87,3,17,541.53,339.37,0.1
5487,2153,1216,9,106,3,20,588.35,339.37,0
5488,2154,1216,15,117,10,5,1257.32,795.97,0
5489,2154,1216,6,117,10,20,381.93,202.95,0.05
5490,2154,1216,13,117,10,12,232.76,113.06,0
5491,2155,1216,12,13,8,25,650.29,395.69,0.1
5492,2155,1216,3,13,8,19,827.18,428.42,0
5493,2155,1216,13,13,8,4,218.77,113.06,0
5494,2156,1216,7,16,8,9,120.11,77.26,0.1
5495,2156,1216,15,16,8,13,1218.04,795.97,0.05
5496,2156,1216,4,16,8,25,323.12,204.85,0.05
5497,2156,1216,1,16,8,20,823.52,529.32,0
5498,2157,1217,10,16,9,8,494.35,303.54,0
5499,2157,1217,14,16,9,21,1191.81,616.93,0
5500,2158,1218,17,12,11,8,680.08,373.03,0
5501,2158,1218,11,12,11,7,534.98,372.45,0.15
5502,2158,1218,14,12,11,1,1191.81,616.93,0
5503,2159,1219,6,33,2,25,441.8,202.95,0.15
5504,2159,1219,21,33,2,8,43.25,23.36,0.15
5505,2159,1219,2,33,2,7,1859.48,869.25,0
5506,2160,1219,7,64,5,10,120.11,77.26,0
5507,2161,1219,1,51,8,3,823.52,529.32,0
5508,2161,1219,11,51,8,24,583.49,372.45,0.15
5509,2161,1219,5,51,8,25,528.23,270.34,0.1
5510,2162,1220,2,95,12,24,1859.48,869.25,0
5511,2162,1220,3,95,12,22,827.18,428.42,0.1
5512,2162,1220,12,95,12,24,588.17,395.69,0
5513,2163,1220,2,43,10,24,1859.48,869.25,0
5514,2163,1220,9,43,10,5,524.18,339.37,0.15
5515,2163,1220,6,43,10,4,417.18,202.95,0
5516,2163,1220,14,43,10,20,1191.81,616.93,0.1
5517,2164,1220,20,43,9,20,67.45,34.35,0
5518,2164,1220,12,43,9,24,554.9,395.69,0.05
5519,2165,1220,16,21,4,6,609.58,350.66,0.1
5520,2165,1220,14,21,4,3,1145.13,616.93,0
5521,2166,1222,19,15,1,8,819.01,488.55,0.15
5522,2166,1222,20,15,1,2,67.45,34.35,0
5523,2166,1222,8,15,1,7,173.73,93.64,0.05
5524,2167,1222,20,8,7,19,67.45,34.35,0
5525,2168,1222,20,76,5,15,67.45,34.35,0
5526,2168,1222,5,76,5,20,528.23,270.34,0.1
5527,2168,1222,14,76,5,3,1191.81,616.93,0.1
5528,2168,1222,3,76,5,6,827.18,428.42,0
5529,2169,1222,7,68,7,15,120.11,77.26,0
5530,2170,1224,2,85,7,17,1859.48,869.25,0
5531,2170,1224,14,85,7,9,1191.81,616.93,0
5532,2170,1224,5,85,7,7,488.41,270.34,0
5533,2170,1224,11,85,7,5,583.49,372.45,0.15
5534,2171,1224,5,10,3,6,528.23,270.34,0.05
5535,2172,1225,20,80,2,5,67.45,34.35,0
5536,2173,1225,14,104,6,12,1191.81,616.93,0
5537,2173,1225,21,104,6,20,38.17,23.36,0.1
5538,2173,1225,8,104,6,3,167.63,93.64,0
5539,2174,1225,21,106,4,21,39.7,23.36,0
5540,2175,1226,11,11,11,17,583.49,372.45,0.05
5541,2175,1226,8,11,11,5,162.01,93.64,0.15
5542,2176,1226,3,103,4,1,827.18,428.42,0
5543,2177,1227,19,103,9,21,819.01,488.55,0
5544,2177,1227,4,103,9,6,323.12,204.85,0.05
5545,2177,1227,16,103,9,24,609.58,350.66,0.15
5546,2177,1227,20,103,9,6,67.45,34.35,0.05
5547,2178,1228,21,119,10,25,43.25,23.36,0
5548,2179,1229,15,4,12,3,1365.66,795.97,0.05
5549,2179,1229,2,4,12,4,1859.48,869.25,0.05
5550,2179,1229,21,4,12,19,43.25,23.36,0.1
5551,2180,1229,18,48,3,5,36.79,20.77,0
5552,2180,1229,4,48,3,8,323.12,204.85,0.1
5553,2180,1229,16,48,3,4,609.58,350.66,0
5554,2181,1230,21,45,7,1,43.25,23.36,0
5555,2181,1230,13,45,7,18,232.76,113.06,0.15
5556,2181,1230,7,45,7,21,120.11,77.26,0
5557,2182,1230,5,52,1,17,528.23,270.34,0.15
5558,2182,1230,21,52,1,3,43.25,23.36,0.05
5559,2183,1230,4,111,7,24,323.12,204.85,0
5560,2183,1230,5,111,7,11,528.23,270.34,0
5561,2183,1230,21,111,7,20,43.25,23.36,0.1
5562,2184,1230,14,42,4,11,1191.81,616.93,0.15
5563,2184,1230,8,42,4,8,179.76,93.64,0
5564,2185,1232,4,45,9,3,323.12,204.85,0
5565,2185,1232,17,45,9,2,721.87,373.03,0.1
5566,2185,1232,9,45,9,8,603.18,339.37,0
5567,2186,1233,3,73,9,22,827.18,428.42,0
5568,2187,1233,12,41,1,22,600.06,395.69,0.1
5569,2188,1233,7,78,1,2,120.11,77.26,0.05
5570,2188,1233,5,78,1,25,528.23,270.34,0.05
5571,2188,1233,12,78,1,20,650.29,395.69,0.15
5572,2188,1233,16,78,1,14,609.58,350.66,0.1
5573,2189,1233,6,36,9,11,441.8,202.95,0.05
5574,2190,1234,21,15,3,6,43.25,23.36,0.1
5575,2190,1234,8,15,3,23,188.77,93.64,0.15
5576,2190,1234,16,15,3,21,609.58,350.66,0.05
5577,2190,1234,3,15,3,18,827.18,428.42,0
5578,2191,1235,20,25,5,18,67.45,34.35,0
5579,2192,1236,12,38,8,19,650.29,395.69,0
5580,2192,1236,15,38,8,5,1237.67,795.97,0
5581,2193,1236,14,10,9,19,1191.81,616.93,0.1
5582,2193,1236,12,10,9,6,603.6,395.69,0.15
5583,2193,1236,19,10,9,5,819.01,488.55,0
5584,2193,1236,15,10,9,8,1365.66,795.97,0.1
5585,2194,1236,12,75,2,7,650.29,395.69,0.1
5586,2194,1236,17,75,2,2,654.32,373.03,0
5587,2194,1236,14,75,2,17,1139.57,616.93,0
5588,2195,1236,1,97,5,14,730.85,529.32,0
5589,2196,1237,8,105,5,14,188.77,93.64,0
5590,2197,1237,21,93,6,13,43.25,23.36,0.05
5591,2197,1237,11,93,6,6,583.49,372.45,0
5592,2197,1237,13,93,6,8,232.76,113.06,0.15
5593,2198,1237,6,14,8,15,441.8,202.95,0
5594,2198,1237,21,14,8,15,43.25,23.36,0.05
5595,2198,1237,5,14,8,6,528.23,270.34,0.1
5596,2199,1238,14,117,5,5,1191.81,616.93,0
5597,2200,1238,20,113,1,1,67.45,34.35,0.15
5598,2200,1238,14,113,1,14,1191.81,616.93,0.05
5599,2201,1240,1,57,7,22,823.52,529.32,0.1
5600,2201,1240,11,57,7,3,583.49,372.45,0
5601,2201,1240,4,57,7,11,323.12,204.85,0
5602,2202,1240,21,106,7,10,43.25,23.36,0.1
5603,2202,1240,5,106,7,4,507.57,270.34,0
5604,2203,1240,16,69,3,6,609.58,350.66,0.1
5605,2203,1240,21,69,3,15,43.25,23.36,0.15
5606,2203,1240,14,69,3,3,1191.81,616.93,0
5607,2203,1240,9,69,3,19,603.18,339.37,0.1
5608,2204,1242,5,13,1,24,528.23,270.34,0.15
5609,2204,1242,21,13,1,16,41.86,23.36,0.15
5610,2204,1242,6,13,1,17,441.8,202.95,0
5611,2204,1242,3,13,1,20,827.18,428.42,0.15
5612,2205,1242,12,92,2,22,650.29,395.69,0.1
5613,2205,1242,18,92,2,20,36.79,20.77,0.05
5614,2206,1242,12,29,3,10,625.35,395.69,0
5615,2206,1242,20,29,3,2,62.91,34.35,0.05
5616,2206,1242,15,29,3,12,1232.63,795.97,0.15
5617,2207,1242,9,85,11,22,560.98,339.37,0.1
5618,2207,1242,2,85,11,9,1859.48,869.25,0.1
5619,2208,1243,4,22,1,9,323.12,204.85,0
5620,2208,1243,16,22,1,3,570.0,350.66,0
5621,2208,1243,17,22,1,12,661.87,373.03,0.15
5622,2209,1243,20,16,1,1,67.45,34.35,0.1
5623,2209,1243,19,16,1,6,791.91,488.55,0
5624,2210,1243,10,95,7,25,579.74,303.54,0
5625,2210,1243,4,95,7,8,300.24,204.85,0
5626,2211,1243,12,91,9,14,650.29,395.69,0
5627,2212,1244,6,56,8,7,441.8,202.95,0
5628,2212,1244,13,56,8,2,227.18,113.06,0
5629,2212,1244,5,56,8,22,528.23,270.34,0
5630,2212,1244,3,56,8,6,827.18,428.42,0
5631,2213,1244,2,4,3,22,1859.48,869.25,0.15
5632,2213,1244,17,4,3,20,721.87,373.03,0
5633,2214,1244,17,88,8,12,721.87,373.03,0.1
5634,2214,1244,19,88,8,18,819.01,488.55,0.15
5635,2214,1244,9,88,8,6,603.18,339.37,0
5636,2214,1244,11,88,8,9,583.49,372.45,0.1
5637,2215,1244,3,119,4,11,827.18,428.42,0
5638,2215,1244,16,119,4,18,546.92,350.66,0
5639,2216,1245,10,71,3,1,579.74,303.54,0.05
5640,2217,1245,2,62,10,1,1859.48,869.25,0.15
5641,2217,1245,6,62,10,25,441.8,202.95,0.15
5642,2217,1245,3,62,10,18,827.18,428.42,0.05
5643,2218,1246,17,1,7,17,721.87,373.03,0.1
5644,2219,1246,1,41,9,22,823.52,529.32,0
5645,2219,1246,16,41,9,14,609.58,350.66,0
5646,2220,1246,3,42,10,25,827.18,428.42,0.1
5647,2220,1246,14,42,10,21,1191.81,616.93,0
5648,2220,1246,4,42,10,21,304.28,204.85,0.1
5649,2220,1246,13,42,10,3,232.76,113.06,0.05
5650,2221,1250,12,120,11,3,650.29,395.69,0.05
5651,2221,1250,8,120,11,9,188.77,93.64,0.15
5652,2221,1250,16,120,11,18,609.58,350.66,0.1
5653,2222,1250,19,64,2,25,819.01,488.55,0.1
5654,2222,1250,14,64,2,12,1191.81,616.93,0.1
5655,2222,1250,17,64,2,21,721.87,373.03,0.05
5656,2222,1250,18,64,2,8,36.79,20.77,0
5657,2223,1252,2,86,10,7,1859.48,869.25,0.15
5658,2223,1252,21,86,10,23,43.25,23.36,0
5659,2224,1252,7,92,4,6,120.11,77.26,0
5660,2224,1252,5,92,4,17,528.23,270.34,0
5661,2224,1252,13,92,4,21,232.76,113.06,0
5662,2225,1252,12,75,2,11,574.93,395.69,0
5663,2226,1252,16,44,2,25,609.58,350.66,0.15
5664,2227,1254,2,13,1,9,1859.48,869.25,0.15
5665,2227,1254,13,13,1,13,232.76,113.06,0.05
5666,2227,1254,3,13,1,4,827.18,428.42,0.1
5667,2227,1254,5,13,1,8,528.23,270.34,0
5668,2228,1254,13,99,12,9,232.76,113.06,0.1
5669,2229,1255,16,65,7,17,609.58,350.66,0
5670,2230,1255,13,50,11,23,232.76,113.06,0
5671,2230,1255,20,50,11,5,67.45,34.35,0.1
5672,2230,1255,7,50,11,19,112.44,77.26,0
5673,2231,1257,9,23,9,5,603.18,339.37,0.1
5674,2232,1257,3,81,2,24,827.18,428.42,0
5675,2232,1257,18,81,2,18,36.79,20.77,0.15
5676,2233,1257,17,36,8,2,635.16,373.03,0.05
5677,2233,1257,13,36,8,23,232.76,113.06,0
5678,2233,1257,10,36,8,23,493.89,303.54,0
5679,2233,1257,21,36,8,24,43.25,23.36,0.05
5680,2234,1257,1,44,5,24,762.66,529.32,0
5681,2234,1257,5,44,5,15,528.23,270.34,0
5682,2235,1258,3,38,7,5,827.18,428.42,0.05
5683,2235,1258,6,38,7,14,422.64,202.95,0
5684,2236,1258,19,13,8,21,819.01,488.55,0.1
5685,2236,1258,2,13,8,7,1859.48,869.25,0.05
5686,2236,1258,15,13,8,19,1306.58,795.97,0.1
5687,2236,1258,20,13,8,7,67.45,34.35,0
5688,2237,1260,6,114,7,11,413.17,202.95,0.05
5689,2237,1260,19,114,7,21,752.81,488.55,0
5690,2238,1260,5,106,6,13,528.23,270.34,0
5691,2238,1260,16,106,6,15,553.39,350.66,0.05
5692,2239,1261,17,94,3,17,721.87,373.03,0
5693,2239,1261,8,94,3,24,188.77,93.64,0
5694,2239,1261,2,94,3,5,1859.48,869.25,0
5695,2239,1261,1,94,3,16,823.52,529.32,0.05
5696,2240,1261,2,40,4,4,1639.3,869.25,0.15
5697,2240,1261,3,40,4,21,719.52,428.42,0
5698,2240,1261,10,40,4,10,579.74,303.54,0.05
5699,2241,1261,11,55,8,21,553.27,372.45,0.15
5700,2241,1261,16,55,8,18,609.58,350.66,0.15
5701,2242,1262,8,80,8,16,183.82,93.64,0
5702,2243,1262,16,61,5,10,609.58,350.66,0
5703,2243,1262,13,61,5,18,232.76,113.06,0.05
5704,2243,1262,9,61,5,5,603.18,339.37,0.1
5705,2244,1265,21,114,2,23,43.25,23.36,0.05
5706,2244,1265,4,114,2,25,283.88,204.85,0.1
5707,2244,1265,16,114,2,10,609.58,350.66,0
5708,2245,1265,19,77,6,13,819.01,488.55,0.15
5709,2245,1265,7,77,6,6,120.11,77.26,0.15
5710,2245,1265,11,77,6,11,583.49,372.45,0.05
5711,2246,1265,12,70,8,5,650.29,395.69,0.05
5712,2246,1265,3,70,8,3,827.18,428.42,0
5713,2246,1265,19,70,8,2,819.01,488.55,0.1
5714,2246,1265,6,70,8,1,441.8,202.95,0
5715,2247,1265,16,91,11,25,609.58,350.66,0.05
5716,2247,1265,18,91,11,19,36.79,20.77,0.05
5717,2247,1265,3,91,11,20,827.18,428.42,0.15
5718,2247,1265,8,91,11,18,188.77,93.64,0.05
5719,2248,1266,8,1,6,23,188.77,93.64,0.1
5720,2248,1266,16,1,6,14,609.58,350.66,0
5721,2248,1266,4,1,6,22,323.12,204.85,0
5722,2248,1266,14,1,6,12,1191.81,616.93,0
5723,2249,1266,7,45,11,5,120.11,77.26,0
5724,2249,1266,1,45,11,19,823.52,529.32,0
5725,2249,1266,14,45,11,15,1191.81,616.93,0.1
5726,2249,1266,16,45,11,5,609.58,350.66,0.1
5727,2250,1266,15,66,3,10,1365.66,795.97,0
5728,2250,1266,21,66,3,9,43.25,23.36,0.1
5729,2250,1266,8,66,3,11,188.77,93.64,0.1
5730,2251,1266,9,4,9,7,603.18,339.37,0
5731,2251,1266,1,4,9,21,823.52,529.32,0
5732,2251,1266,11,4,9,3,583.49,372.45,0.05
5733,2251,1266,12,4,9,16,650.29,395.69,0.05
5734,2252,1267,14,42,10,25,1060.84,616.93,0.05
5735,2252,1267,11,42,10,24,583.49,372.45,0
5736,2252,1267,15,42,10,9,1263.84,795.97,0.1
5737,2252,1267,16,42,10,16,609.58,350.66,0.15
5738,2253,1267,6,20,7,6,441.8,202.95,0
5739,2253,1267,8,20,7,6,162.08,93.64,0
5740,2253,1267,11,20,7,7,528.59,372.45,0
5741,2254,1269,17,13,1,16,721.87,373.03,0.15
5742,2254,1269,11,13,1,25,583.49,372.45,0.1
5743,2255,1270,16,70,3,20,609.58,350.66,0
5744,2255,1270,21,70,3,2,43.25,23.36,0.1
5745,2256,1270,10,49,8,10,579.74,303.54,0
5746,2256,1270,6,49,8,11,441.8,202.95,0.1
5747,2256,1270,19,49,8,19,819.01,488.55,0
5748,2256,1270,2,49,8,22,1859.48,869.25,0.15
5749,2257,1271,9,26,7,24,603.18,339.37,0.1
5750,2257,1271,18,26,7,20,36.79,20.77,0
5751,2257,1271,16,26,7,10,609.58,350.66,0.05
5752,2258,1271,10,4,2,7,579.74,303.54,0
5753,2259,1272,3,116,4,18,827.18,428.42,0
5754,2259,1272,15,116,4,5,1365.66,795.97,0.15
5755,2259,1272,21,116,4,6,43.25,23.36,0
5756,2259,1272,10,116,4,10,579.74,303.54,0
5757,2260,1272,18,32,1,11,36.79,20.77,0
5758,2260,1272,1,32,1,16,823.52,529.32,0
5759,2260,1272,2,32,1,8,1670.64,869.25,0
5760,2261,1273,15,72,1,20,1365.66,795.97,0
5761,2262,1273,20,85,10,17,67.45,34.35,0
5762,2263,1273,10,57,1,22,579.74,303.54,0.05
5763,2263,1273,20,57,1,17,67.45,34.35,0
5764,2263,1273,15,57,1,10,1365.66,795.97,0
5765,2264,1273,7,24,4,5,120.11,77.26,0
5766,2264,1273,15,24,4,19,1365.66,795.97,0
5767,2264,1273,18,24,4,5,36.79,20.77,0.15
5768,2265,1274,4,38,5,18,276.96,204.85,0
5769,2265,1274,1,38,5,11,823.52,529.32,0.15
5770,2265,1274,11,38,5,15,583.49,372.45,0.15
5771,2266,1274,12,4,3,1,650.29,395.69,0
5772,2267,1274,6,66,5,22,441.8,202.95,0
5773,2267,1274,3,66,5,21,827.18,428.42,0
5774,2268,1274,21,16,4,24,40.12,23.36,0.15
5775,2268,1274,16,16,4,17,609.58,350.66,0
5776,2269,1275,14,61,10,2,1191.81,616.93,0
5777,2269,1275,19,61,10,11,819.01,488.55,0.05
5778,2269,1275,13,61,10,22,232.76,113.06,0.1
5779,2270,1275,13,24,11,24,232.76,113.06,0
5780,2270,1275,7,24,11,17,120.11,77.26,0
5781,2270,1275,11,24,11,21,583.49,372.45,0
5782,2270,1275,17,24,11,4,721.87,373.03,0.1
5783,2271,1275,8,92,9,13,188.77,93.64,0
5784,2271,1275,18,92,9,14,33.56,20.77,0.05
5785,2272,1276,12,94,2,19,650.29,395.69,0
5786,2272,1276,16,94,2,6,588.42,350.66,0.15
5787,2272,1276,19,94,2,23,819.01,488.55,0.15
5788,2272,1276,2,94,2,11,1804.96,869.25,0.1
5789,2273,1276,12,3,1,15,650.29,395.69,0.05
5790,2273,1276,8,3,1,20,188.77,93.64,0.1
5791,2273,1276,2,3,1,6,1669.93,869.25,0.1
5792,2274,1278,4,91,11,23,323.12,204.85,0.1
5793,2274,1278,14,91,11,16,1191.81,616.93,0.05
5794,2274,1278,2,91,11,24,1859.48,869.25,0
5795,2275,1278,18,87,6,2,36.79,20.77,0.15
5796,2275,1278,3,87,6,19,827.18,428.42,0
5797,2275,1278,15,87,6,2,1365.66,795.97,0.1
5798,2276,1279,16,98,5,13,609.58,350.66,0.05
5799,2276,1279,19,98,5,19,819.01,488.55,0.15
5800,2276,1279,18,98,5,12,36.79,20.77,0.15
5801,2276,1279,5,98,5,18,528.23,270.34,0.15
5802,2277,1279,11,5,4,7,583.49,372.45,0
5803,2277,1279,16,5,4,24,609.58,350.66,0.15
5804,2278,1280,14,57,12,6,1191.81,616.93,0
5805,2278,1280,1,57,12,25,823.52,529.32,0.15
5806,2278,1280,13,57,12,22,232.76,113.06,0
5807,2278,1280,20,57,12,3,67.45,34.35,0.05
5808,2279,1281,5,34,1,6,528.23,270.34,0.05
5809,2279,1281,7,34,1,11,120.11,77.26,0.1
5810,2279,1281,14,34,1,3,1191.81,616.93,0.1
5811,2280,1281,2,94,6,20,1859.48,869.25,0.15
5812,2281,1282,17,118,9,15,721.87,373.03,0
5813,2282,1283,16,97,12,17,609.58,350.66,0
5814,2283,1284,6,64,5,7,441.8,202.95,0.05
5815,2283,1284,17,64,5,23,721.87,373.03,0.05
5816,2284,1285,7,106,12,17,120.11,77.26,0
5817,2284,1285,15,106,12,13,1365.66,795.97,0
5818,2285,1285,13,27,9,19,224.17,113.06,0.15
5819,2285,1285,5,27,9,7,528.23,270.34,0
5820,2285,1285,3,27,9,17,827.18,428.42,0.1
5821,2286,1286,19,88,11,15,819.01,488.55,0.1
5822,2286,1286,8,88,11,22,188.77,93.64,0
5823,2287,1287,3,58,12,8,827.18,428.42,0
5824,2287,1287,4,58,12,5,323.12,204.85,0.1
5825,2288,1288,12,38,7,7,650.29,395.69,0
5826,2288,1288,4,38,7,25,323.12,204.85,0
5827,2288,1288,11,38,7,23,583.49,372.45,0.05
5828,2289,1288,9,48,2,22,540.01,339.37,0.15
5829,2289,1288,17,48,2,3,721.87,373.03,0.05
5830,2290,1289,5,3,12,12,528.23,270.34,0.15
5831,2290,1289,16,3,12,16,609.58,350.66,0.1
5832,2290,1289,18,3,12,8,36.79,20.77,0.1
5833,2291,1290,19,67,5,14,819.01,488.55,0
5834,2291,1290,10,67,5,8,579.74,303.54,0
5835,2291,1290,15,67,5,19,1365.66,795.97,0
5836,2292,1290,5,22,12,2,528.23,270.34,0.05
5837,2292,1290,1,22,12,10,823.52,529.32,0
5838,2293,1293,18,5,8,22,36.79,20.77,0.05
5839,2294,1294,7,57,1,2,120.11,77.26,0.05
5840,2294,1294,1,57,1,12,823.52,529.32,0.15
5841,2295,1294,18,27,9,18,34.99,20.77,0
5842,2296,1295,1,26,8,14,823.52,529.32,0.15
5843,2296,1295,5,26,8,19,528.23,270.34,0
5844,2296,1295,14,26,8,2,1067.5,616.93,0.05
5845,2297,1297,19,18,7,24,819.01,488.55,0.15
5846,2297,1297,15,18,7,15,1365.66,795.97,0.1
5847,2297,1297,13,18,7,22,232.76,113.06,0.15
5848,2297,1297,3,18,7,5,748.39,428.42,0.1
5849,2298,1298,9,92,9,6,603.18,339.37,0.05
5850,2298,1298,4,92,9,15,323.12,204.85,0
5851,2299,1298,11,44,6,7,583.49,372.45,0
5852,2299,1298,5,44,6,22,528.23,270.34,0.05
5853,2299,1298,20,44,6,17,67.45,34.35,0.05
5854,2300,1299,15,90,11,15,1365.66,795.97,0.1
5855,2300,1299,16,90,11,3,609.58,350.66,0.15
5856,2300,1299,2,90,11,24,1626.6,869.25,0.05
5857,2300,1299,20,90,11,20,67.45,34.35,0.15
5858,2301,1301,8,8,8,22,188.77,93.64,0
5859,2302,1302,4,68,2,25,323.12,204.85,0.05
5860,2302,1302,14,68,2,4,1116.96,616.93,0
5861,2302,1302,5,68,2,22,528.23,270.34,0.1
5862,2302,1302,21,68,2,4,43.25,23.36,0.1
5863,2303,1302,13,58,4,12,227.37,113.06,0
5864,2303,1302,10,58,4,11,533.25,303.54,0.15
5865,2303,1302,18,58,4,9,36.79,20.77,0
5866,2304,1303,10,103,6,7,579.74,303.54,0
5867,2305,1303,8,14,3,10,183.53,93.64,0.15
5868,2305,1303,13,14,3,24,232.76,113.06,0
5869,2306,1304,14,9,8,6,1191.81,616.93,0
5870,2307,1305,20,104,1,19,67.45,34.35,0.15
5871,2308,1308,17,1,11,12,721.87,373.03,0.05
5872,2308,1308,3,1,11,19,827.18,428.42,0.15
5873,2309,1309,19,65,6,10,734.94,488.55,0
5874,2309,1309,4,65,6,18,323.12,204.85,0
5875,2310,1309,5,36,9,9,528.23,270.34,0.1
5876,2310,1309,19,36,9,21,819.01,488.55,0
5877,2310,1309,20,36,9,19,67.45,34.35,0
5878,2310,1309,10,36,9,16,559.74,303.54,0
